"id","first_name","last_name","team","position","age","exp","pos","avg_type","points","pos_rank","drop_off","sd_pts","floor","ceiling","tier","player","Week","Year","GID","Name","Pos","Team","h.a","Oppt","DK.points","DK.salary"
"4925","Drew","Brees","NOS","QB",42,19,"QB","average",18.14,37,3.466,NA,18.14,18.14,2,"Drew Brees","17","2020","1151","Brees, Drew","QB","nor","a","car","20.04","5900"
"5848","Tom","Brady","TBB","QB",44,20,"QB","average",181.534866666667,15,20.0463,175.842361760095,18.638,342.1364,1,"Tom Brady","17","2020","1131","Brady, Tom","QB","tam","h","atl","34.26","7200"
"6997","Jason","Witten","FA","TE",39,17,"TE","average",2.4,91,0.294166666666667,NA,2.4,2.4,3,"Jason Witten","17","2020","4262","Witten, Jason","TE","lvr","a","den","0","2500"
"7394","Philip","Rivers","FA","QB",40,16,"QB","average",16.14,38,3.05166666666667,12.3602265351408,0.0740000000000007,15.806,2,"Philip Rivers","17","2020","1231","Rivers, Philip","QB","ind","h","jac","11.36","6000"
"7813","Alex","Smith","WAS","QB",37,15,"QB","average",12.02,42,1.08866666666667,NA,12.02,12.02,3,"Alex Smith","17","2020","1254","Smith, Alex","QB","was","a","phi","12.48","0"
"7836","Aaron","Rodgers","GBP","QB",38,15,"QB","average",187.8593,12,4.91412499999998,177.815407340174,19.64512,352.5432,1,"Aaron Rodgers","17","2020","1252","Rodgers, Aaron","QB","gnb","a","chi","26","7400"
"8269","Marcedes","Lewis","GBP","TE",37,14,"TE","average",25.26275,61,0.153708333333331,27.8626785667973,2.59935,56.456,2,"Marcedes Lewis","17","2020","4324","Lewis, Marcedes","TE","gnb","a","chi","1.9","2500"
"8658","Adrian","Peterson","DET","RB",36,13,"RB","average",8.03,104,0.5425,NA,8.03,8.03,3,"Adrian Peterson","17","2020","2553","Peterson, Adrian","RB","det","h","min","12.3","4000"
"9073","Chad","Henne","KCC","QB",36,12,"QB","average",13.208,39,0.375666666666667,3.8487546037647,9.6376,16.546,2,"Chad Henne","17","2020","1309","Henne, Chad","QB","kan","h","lac","16.72","5100"
"9099","Matt","Ryan","ATL","QB",36,12,"QB","average",160.325633333333,18,2.38463333333334,153.424093952677,18.9696,304.4044,1,"Matt Ryan","17","2020","1301","Ryan, Matt","QB","atl","a","tam","23.7","5900"
"9308","Danny","Amendola","DET","WR",36,12,"WR","average",7.8,121,0.696,NA,7.8,7.8,3,"Danny Amendola","17","2020","3851","Amendola, Danny","WR","det","h","min","1.6","3900"
"9431","Matthew","Stafford","LAR","QB",33,11,"QB","average",156.2833,20,2.45024166666667,154.774671547098,11.708,299.2196,1,"Matthew Stafford","17","2020","1340","Stafford, Matthew","QB","det","h","min","23.62","5600"
"9474","Jared","Cook","NOS","TE",34,11,"TE","average",87.7805333333333,14,2.57823333333333,73.4791696550798,7.6008,153.69,1,"Jared Cook","17","2020","4437","Cook, Jared","TE","nor","a","car","14.3","4700"
"9823","Dez","Bryant","BAL","WR",33,10,"WR","average",1.62,146,0.1045,NA,1.62,1.62,3,"Dez Bryant","17","2020","3891","Bryant, Dez","WR","bal","a","cin","0","3100"
"9902","Rob","Gronkowski","TBB","TE",32,10,"TE","average",84.2376,18,7.54594999999999,69.9376115462917,7.5264,144.46,1,"Rob Gronkowski","17","2020","4494","Gronkowski, Rob","TE","tam","h","atl","4.9","4500"
"9918","Emmanuel","Sanders","NOS","WR",34,10,"WR","average",94.842,52,2.43225,99.8088908664955,9.3723,199.5595,2,"Emmanuel Sanders","17","2020","3983","Sanders, Emmanuel","WR","nor","a","car","21.3","5500"
"9925","Jimmy","Graham","CHI","TE",35,10,"TE","average",56.1575333333333,31,0.734366666666673,56.4069863066624,4.3724,127.478,2,"Jimmy Graham","17","2020","4492","Graham, Jimmy","TE","chi","h","gnb","2.5","3600"
"9988","Antonio","Brown","TBB","WR",33,10,"WR","average",94.0695,53,3.99866666666668,96.0845073325213,10.5668,185.9,2,"Antonio Brown","17","2020","3474","Brown, Antonio","WR","tam","h","atl","39.8","5500"
"10261","A.J.","Green","CIN","WR",33,9,"WR","average",77.3674166666667,68,0.775124999999989,79.856837746787,8.24705,151.6695,2,"A.J. Green","17","2020","5091","Green, A.J.","WR","cin","h","bal","0","3900"
"10273","Cam","Newton","NEP","QB",32,9,"QB","average",143.139966666667,25,21.0089916666667,114.514267185325,11.45152,256.0184,1,"Cam Newton","17","2020","1378","Newton, Cam","QB","nwe","h","nyj","38.48","5500"
"10276","Mark","Ingram","FA","RB",32,9,"RB","average",42.4415,63,2.39291666666666,44.3182687199459,4.6684,86.8645,2,"Mark Ingram","17","2020","2793","Ingram, Mark","RB","bal","a","cin","3.9","4000"
"10313","Andy","Dalton","DAL","QB",34,9,"QB","average",41.8159333333333,32,5.65466666666667,39.7024819287997,8.13744,87.5354,2,"Andy Dalton","17","2020","1403","Dalton, Andy","QB","dal","a","nyg","13.52","5600"
"10354","Luke","Stocker","ATL","TE",33,9,"TE","average",0.8,101,0.1495,NA,0.8,0.8,4,"Luke Stocker","17","2020","4532","Stocker, Luke","TE","atl","a","tam","2.3","2500"
"10378","Anthony","Sherman","KCC","RB",33,9,"RB","average",0.92,137,0.0622499999999999,NA,0.92,0.92,3,"Anthony Sherman","17","2020","2822","Sherman, Anthony","RB","kan","h","lac","0.6","4000"
"10389","Dion","Lewis","NYG","RB",31,9,"RB","average",4.52,114,0.0160833333333334,NA,4.52,4.52,3,"Dion Lewis","17","2020","2816","Lewis, Dion","RB","nyg","h","dal","0.7","4000"
"10398","Lee","Smith","BUF","TE",34,9,"TE","average",1.56133333333333,97,0.378166666666667,1.76649521180595,0.1946,3.287,4,"Lee Smith","17","2020","4535","Smith, Lee","TE","buf","h","mia","0","2800"
"10514","Nick","Bellore","SEA","RB",32,9,"RB","average",0.3485,145,0.14975,0.440527524679219,0.06815,0.62885,3,"Nick Bellore","17","2020","5663","Bellore, Nick","RB","sea","a","sfo","0","4000"
"10697","Ryan","Tannehill","TEN","QB",33,8,"QB","average",183.837133333333,13,2.0430916666667,163.917363653665,18.88224,340.2,1,"Ryan Tannehill","17","2020","1410","Tannehill, Ryan","QB","ten","a","hou","28.44","7000"
"10700","Kirk","Cousins","MIN","QB",33,8,"QB","average",160.7349,17,0.772733333333321,152.563599183449,18.50304,302.2132,1,"Kirk Cousins","17","2020","1415","Cousins, Kirk","QB","min","a","det","37.3","6300"
"10703","Russell","Wilson","SEA","QB",33,8,"QB","average",188.861633333333,10,0.891683333333361,171.332775548731,19.53752,347.4616,1,"Russell Wilson","17","2020","1412","Wilson, Russell","QB","sea","a","sfo","18.14","7300"
"10723","Mohamed","Sanu","DET","WR",32,8,"WR","average",54.648,86,0.667374999999993,61.3888113665674,3.4958,122.3335,2,"Mohamed Sanu","17","2020","5159","Sanu, Mohamed","WR","det","h","min","3.6","3000"
"10729","T.Y.","Hilton","IND","WR",32,8,"WR","average",99.64775,49,4.35266666666666,103.584818000757,9.75735,198.595,2,"T.Y. Hilton","17","2020","5151","Hilton, T.Y.","WR","ind","h","jac","13.7","5800"
"10738","Marvin","Jones","DET","WR",31,8,"WR","average",131.4958,28,1.04685000000001,111.901877389077,11.1872,231.88,1,"Marvin Jones","17","2020","5168","Jones, Marvin","WR","det","h","min","41","5100"
"10870","Alfred","Morris","NYG","RB",33,8,"RB","average",2.51,127,0.15875,NA,2.51,2.51,3,"Alfred Morris","17","2020","2871","Morris, Alfred","RB","nyg","h","dal","1.2","4000"
"10940","Derek","Carrier","LVR","TE",31,8,"TE","average",23.507,67,0.399249999999999,30.6129703883828,0.2612,59.483,2,"Derek Carrier","17","2020","4599","Carrier, Derek","TE","lvr","a","den","0","2500"
"11151","Matt","Barkley","BUF","QB",31,7,"QB","average",0.533,75,0.382,NA,0.533,0.533,5,"Matt Barkley","17","2020","1417","Barkley, Matt","QB","buf","h","mia","9.26","4800"
"11152","Mike","Glennon","JAC","QB",32,7,"QB","average",10.3826666666667,45,0.971666666666668,3.85303274490801,7.2332,14.066,3,"Mike Glennon","17","2020","1420","Glennon, Mike","QB","jac","a","ind","17.64","4900"
"11188","Theo","Riddick","LVR","RB",30,7,"RB","average",4.84566666666667,112,0.208166666666666,7.72182079132463,0.1853,12.518,3,"Theo Riddick","17","2020","2907","Riddick, Theo","RB","lvr","a","den","8","4000"
"11193","Giovani","Bernard","CIN","RB",30,7,"RB","average",59.96725,50,0.484833333333334,63.8400533384019,4.71265,130.492,2,"Giovani Bernard","17","2020","2889","Bernard, Giovani","RB","cin","h","bal","0.7","5400"
"11213","Tavon","Austin","GBP","WR",30,7,"WR","average",0.8,158,0.0487500000000001,NA,0.8,0.8,4,"Tavon Austin","17","2020","5199","Austin, Tavon","WR","gnb","a","chi","0.7","3000"
"11225","Cordarrelle","Patterson","CHI","WR",30,7,"WR","average",4.07,131,0.17,NA,4.07,4.07,3,"Cordarrelle Patterson","17","2020","5208","Patterson, Cordarrelle","WR","chi","h","gnb","1.8","3000"
"11225","Cordarrelle","Patterson","CHI","WR",30,7,"RB","average",35.276,72,0.357791666666664,45.1756380364461,6.6264,64.1256,2,"Cordarrelle Patterson","17","2020","5208","Patterson, Cordarrelle","WR","chi","h","gnb","1.8","3000"
"11228","Robert","Woods","LAR","WR",29,7,"WR","average",160.129866666667,13,1.69903333333332,132.899929276881,14.7004,278.23,1,"Robert Woods","17","2020","5217","Woods, Robert","WR","lar","h","ari","7.6","6300"
"11232","DeAndre","Hopkins","ARI","WR",29,7,"WR","average",195.564533333333,7,16.9515916666667,161.907934329359,18.6764,330.826,1,"DeAndre Hopkins","17","2020","5206","Hopkins, DeAndre","WR","ari","a","lar","7.5","7900"
"11247","Zach","Ertz","PHI","TE",31,7,"TE","average",64.6041666666667,24,1.45586666666668,65.8517673769404,7.865,129.378,2,"Zach Ertz","17","2020","4569","Ertz, Zach","TE","phi","h","was","4.6","0"
"11250","Tyler","Eifert","JAC","TE",31,7,"TE","average",55.28975,33,1.301,57.4581385611879,5.44015,108.065,2,"Tyler Eifert","17","2020","4568","Eifert, Tyler","TE","jac","a","ind","2","2800"
"11252","Levine","Toilolo","NYG","TE",30,7,"TE","average",0.682,102,0.251,0.766923725020944,0.1264,1.435,4,"Levine Toilolo","17","2020","4577","Toilolo, Levine","TE","nyg","h","dal","2","2500"
"11257","Vance","McDonald","FA","TE",31,7,"TE","average",6.98,86,1.2325,NA,6.98,6.98,3,"Vance McDonald","17","2020","4572","McDonald, Vance","TE","pit","a","cle","8.3","2500"
"11337","Darren","Fells","HOU","TE",35,8,"TE","average",30.84275,55,1.052125,33.8713163347692,2.05435,67.489,2,"Darren Fells","17","2020","4609","Fells, Darren","TE","hou","h","ten","0","2900"
"11367","Kyle","Juszczyk","SFO","RB",30,7,"RB","average",61.146,48,0.889875000000011,57.181968673117,8.49520000000001,111.178,2,"Kyle Juszczyk","17","2020","2908","Juszczyk, Kyle","RB","sfo","h","sea","1.4","4000"
"11399","Ryan","Griffin","NYJ","TE",31,7,"TE","average",35.592,50,3.86495833333333,35.4186418711955,3.9984,67.74,2,"Ryan Griffin","17","2020","4592","Griffin, Ryan","TE","nyj","a","nwe","0","2500"
"11448","Demetrius","Harris","CHI","TE",30,7,"TE","average",23.8333333333333,66,0.384958333333337,20.03405434088,4.17,35.4,2,"Demetrius Harris","17","2020","4642","Harris, Demetrius","TE","chi","h","gnb","0","2500"
"11516","Jack","Doyle","IND","TE",31,7,"TE","average",46.9686666666667,40,0.718666666666671,49.2763394304677,4.0428,90.8735,2,"Jack Doyle","17","2020","4594","Doyle, Jack","TE","ind","h","jac","4.7","3000"
"11640","Teddy","Bridgewater","CAR","QB",29,6,"QB","average",86.1888333333333,28,11.2589083333333,67.83135378593,8.95088,150.6892,1,"Teddy Bridgewater","17","2020","1439","Bridgewater, Teddy","QB","car","h","nor","5.74","5300"
"11643","A.J.","McCarron","HOU","QB",31,6,"QB","average",6.476,62,0.164666666666666,NA,6.476,6.476,4,"A.J. McCarron","17","2020","1467","McCarron, A.J.","QB","hou","h","ten","0.8","4800"
"11644","Derek","Carr","LVR","QB",30,6,"QB","average",159.5987,19,4.34587500000001,151.033162584222,16.51232,304.0464,1,"Derek Carr","17","2020","1441","Carr, Derek","QB","lvr","a","den","25.94","5700"
"11647","Logan","Thomas","WAS","TE",30,6,"TE","average",97.726,9,1.57456666666667,81.8365794544225,9.3896,171.362,1,"Logan Thomas","17","2020","1463","Thomas, Logan","TE","was","a","phi","12.7","0"
"11671","Mike","Evans","TBB","WR",28,6,"WR","average",148.7888,21,2.00513333333333,121.619072333249,15.9076,247.56,1,"Mike Evans","17","2020","5253","Evans, Mike","WR","tam","h","atl","7.6","7500"
"11674","Brandin","Cooks","HOU","WR",28,6,"WR","average",130.6464,29,1.25964999999999,108.200728550227,11.8056,225.886,1,"Brandin Cooks","17","2020","5255","Cooks, Brandin","WR","hou","h","ten","42.6","6900"
"11675","Davante","Adams","GBP","WR",29,6,"WR","average",229.260866666667,2,23.5990833333333,191.109441870882,20.1464,389.04,1,"Davante Adams","17","2020","5263","Adams, Davante","WR","gnb","a","chi","16.6","9200"
"11677","Donte","Moncrief","NEP","WR",28,6,"WR","average",12.769,108,1.20616666666667,18.4126674602025,1.1527,30.9247,3,"Donte Moncrief","17","2020","5344","Moncrief, Donte","WR","nwe","h","nyj","0","3000"
"11678","Allen","Robinson","CHI","WR",28,6,"WR","average",165.479466666667,10,1.82143333333335,137.871977248823,14.7554,274.2,1,"Allen Robinson","17","2020","5258","Robinson, Allen","WR","chi","h","gnb","5.7","7700"
"11680","Jarvis","Landry","CLE","WR",29,6,"WR","average",107.542166666667,41,3.21774999999998,109.956871957448,11.9844,206.43,2,"Jarvis Landry","17","2020","5335","Landry, Jarvis","WR","cle","h","pit","16.4","6500"
"11705","Trey","Burton","IND","TE",30,6,"TE","average",44.095,45,3.077625,32.7415337657437,11.961,63,2,"Trey Burton","17","2020","4618","Burton, Trey","TE","ind","h","jac","0","2800"
"11747","James","White","NEP","RB",29,6,"RB","average",77.8039166666667,36,2.89383333333332,81.4411244821476,7.63285,154.061,2,"James White","17","2020","2954","White, James","RB","nwe","h","nyj","13.1","4500"
"11761","Jerick","McKinnon","SFO","RB",29,6,"RB","average",14.316,86,0.361749999999999,16.077062791443,2.5262,30.104,3,"Jerick McKinnon","17","2020","2935","McKinnon, Jerick","RB","sfo","h","sea","1.6","4200"
"11783","John","Brown","BUF","WR",31,6,"WR","average",77.34025,69,1.89433333333332,79.3628380304661,8.12385,153.487,2,"John Brown","17","2020","5264","Brown, John","WR","buf","h","mia","17.2","3600"
"11938","Adam","Thielen","MIN","WR",31,6,"WR","average",154.909,17,1.81416666666669,125.581985352199,14.79,249.66,1,"Adam Thielen","17","2020","5333","Thielen, Adam","WR","min","a","det","9.7","7400"
"12040","Keith","Smith","ATL","RB",29,6,"RB","average",0.9705,136,0.0657499999999999,1.20137442123594,0.25595,1.78505,3,"Keith Smith","17","2020","5492","Smith, Keith","RB","atl","a","tam","0","4000"
"12110","Cameron","Brate","TBB","TE",30,6,"TE","average",31.67075,52,0.471124999999997,32.3631373981263,4.38255,66.422,2,"Cameron Brate","17","2020","4648","Brate, Cameron","TE","tam","h","atl","2.1","2900"
"12140","Jameis","Winston","NOS","QB",27,5,"QB","average",103.094616666667,27,22.1179,114.446098269928,1.80357,207.7647,1,"Jameis Winston","17","2020","1465","Winston, Jameis","QB","nor","a","car","-0.1","5200"
"12150","Todd","Gurley","ATL","RB",27,5,"RB","average",7.09,106,0.77525,NA,7.09,7.09,3,"Todd Gurley","17","2020","2992","Gurley, Todd","RB","atl","a","tam","4.5","4700"
"12151","Melvin","Gordon","DEN","RB",28,5,"RB","average",101.58065,28,3.27221666666667,88.7924679530871,9.6312,194.446,2,"Melvin Gordon","17","2020","2991","Gordon, Melvin","RB","den","h","lvr","21","5700"
"12152","Tevin","Coleman","SFO","RB",28,5,"RB","average",59.0241666666667,52,3.28754166666666,62.3366373678701,5.1925,114.159,2,"Tevin Coleman","17","2020","2994","Coleman, Tevin","RB","sfo","h","sea","0","4000"
"12155","Ameer","Abdullah","MIN","RB",28,5,"RB","average",9.503,101,1.005,13.3605134756615,1.1341,22.744,3,"Ameer Abdullah","17","2020","2995","Abdullah, Ameer","RB","min","a","det","9.7","4000"
"12171","David","Johnson","HOU","RB",30,5,"RB","average",96.8317,30,1.34869999999999,80.5899628378125,9.3792,172.6,2,"David Johnson","17","2020","5395","Johnson, David","RB","hou","h","ten","21","6800"
"12175","Amari","Cooper","DAL","WR",27,5,"WR","average",156.9812,16,2.09719999999999,129.876904533485,15.3872,263.686,1,"Amari Cooper","17","2020","5376","Cooper, Amari","WR","dal","a","nyg","10.1","5800"
"12176","DeVante","Parker","MIA","WR",28,5,"WR","average",100.22925,48,2.535875,102.968940716364,10.87405,192.1085,2,"DeVante Parker","17","2020","5380","Parker, DeVante","WR","mia","a","buf","21.6","5300"
"12181","Nelson","Agholor","LVR","WR",28,5,"WR","average",82.7963333333333,61,1.01775000000001,84.9876510495299,7.43315,163.936,2,"Nelson Agholor","17","2020","5378","Agholor, Nelson","WR","lvr","a","den","6.7","5400"
"12184","Jamison","Crowder","NYJ","WR",28,5,"WR","average",82.6571666666667,62,1.97304166666667,84.7771687975798,7.0897,164.6705,2,"Jamison Crowder","17","2020","5410","Crowder, Jamison","WR","nyj","a","nwe","7.1","5000"
"12186","Stefon","Diggs","BUF","WR",28,5,"WR","average",200.8724,4,2.79156666666668,166.326019446748,19.352,328.24,1,"Stefon Diggs","17","2020","5424","Diggs, Stefon","WR","buf","h","mia","14.6","8100"
"12187","Tyler","Lockett","SEA","WR",29,5,"WR","average",158.813666666667,14,1.29906666666668,132.536460352614,13.6306,263.16,1,"Tyler Lockett","17","2020","5386","Lockett, Tyler","WR","sea","a","sfo","33","5800"
"12197","Breshad","Perriman","NYJ","WR",28,5,"WR","average",78.50825,67,1.15441666666668,80.6362050751191,8.42705,151.696,2,"Breshad Perriman","17","2020","5379","Perriman, Breshad","WR","nyj","a","nwe","11.4","3200"
"12206","Maxx","Williams","ARI","TE",27,5,"TE","average",27.3595,58,1.300625,28.6879844940932,2.4982,55.3515,2,"Maxx Williams","17","2020","4650","Williams, Maxx","TE","ari","a","lar","0","2500"
"12211","Jesse","James","DET","TE",27,5,"TE","average",29.06,57,2.21275,38.3817560828058,4.634,53.486,2,"Jesse James","17","2020","4653","James, Jesse","TE","det","h","min","1.2","2500"
"12213","Blake","Bell","DAL","TE",30,5,"TE","average",15.716,77,0.231625000000001,17.7009742858032,0.4034,34.551,3,"Blake Bell","17","2020","4666","Bell, Blake","TE","dal","a","nyg","0","2500"
"12257","Chris","Conley","JAC","WR",29,5,"WR","average",63.36925,77,2.31895833333333,64.5860005902982,6.28345,129.483,2,"Chris Conley","17","2020","5385","Conley, Chris","WR","jac","a","ind","15.7","3000"
"12261","Ty","Montgomery","NOS","RB",28,5,"RB","average",11.641,93,0.329333333333333,9.85975843179402,1.9887,17.862,3,"Ty Montgomery","17","2020","5392","Montgomery, Ty","RB","nor","a","car","14.7","4000"
"12263","Darren","Waller","LVR","TE",29,5,"TE","average",163.3386,2,31.22085,135.330100390859,15.5226,276.004,1,"Darren Waller","17","2020","5419","Waller, Darren","TE","lvr","a","den","30.7","7100"
"12309","MyCole","Pruitt","TEN","TE",29,5,"TE","average",1.18333333333333,98,0.141833333333333,0.938527215020073,0.26,1.745,4,"MyCole Pruitt","17","2020","4669","Pruitt, MyCole","TE","ten","a","hou","0","2500"
"12330","James","O'Shaughnessy","JAC","TE",29,5,"TE","average",30.52125,56,2.3115,31.7340772081055,2.79175,60.1505,2,"James O'Shaughnessy","17","2020","4664","O'Shaughnessy, James","TE","jac","a","ind","2","2500"
"12378","Geoff","Swaim","TEN","TE",28,5,"TE","average",31.06475,54,0.382749999999998,34.5219261762241,1.22535,64.4265,2,"Geoff Swaim","17","2020","4668","Swaim, Geoff","TE","ten","a","hou","0","2500"
"12386","Malcolm","Brown","LAR","RB",28,5,"RB","average",38.2170833333333,67,0.286833333333334,39.9419861330155,2.76075,78.9305,2,"Malcolm Brown","17","2020","5441","Brown, Malcolm","RB","lar","h","ari","2.8","4300"
"12464","Damiere","Byrd","NEP","WR",28,5,"WR","average",5.89966666666667,125,0.632999999999999,5.18660585868382,1.1961,10.53,3,"Damiere Byrd","17","2020","5531","Byrd, Damiere","WR","nwe","h","nyj","2.1","3400"
"12585","Daniel","Brown","NYJ","TE",29,5,"TE","average",0.619,103,0.4125,0.971577583109038,0.0277,1.5757,4,"Daniel Brown","17","2020","5436","Brown, Daniel","TE","nyj","a","nwe","2.8","2500"
"12608","James","Winchester","KCC","TE",32,7,"TE","average",0.04,107,NA,NA,0.04,0.04,4,"James Winchester","17","2020","4759","Winchester, James","TE","kan","h","lac","0","2500"
"12616","Jacoby","Brissett","IND","QB",29,4,"QB","average",9.86866666666667,46,1.2125,6.4436996619437,3.636,14.9454,3,"Jacoby Brissett","17","2020","1496","Brissett, Jacoby","QB","ind","h","jac","0.3","4100"
"12621","Brandon","Allen","CIN","QB",29,4,"QB","average",11.0686666666667,43,0.480333333333332,2.71621525902005,8.4494,13.232,3,"Brandon Allen","17","2020","1504","Allen, Brandon","QB","cin","h","bal","0.12","5000"
"12625","Ezekiel","Elliott","DAL","RB",26,4,"RB","average",154.1478,12,5.02092500000001,130.385767425743,16.6632,278.212,1,"Ezekiel Elliott","17","2020","5444","Elliott, Ezekiel","RB","dal","a","nyg","15.1","6400"
"12626","Derrick","Henry","TEN","RB",27,4,"RB","average",163.223933333333,8,1.99415833333333,153.234243859524,20.7832,305.532,1,"Derrick Henry","17","2020","5445","Henry, Derrick","RB","ten","a","hou","39","9400"
"12628","Alex","Collins","SEA","RB",27,4,"RB","average",1.5055,132,0.334,2.17011071146151,0.17445,2.93655,3,"Alex Collins","17","2020","5450","Collins, Alex","RB","sea","a","sfo","8.9","0"
"12629","Devontae","Booker","LVR","RB",29,4,"RB","average",34.77075,74,3.09408333333333,35.8719931457676,3.31905,70.7135,2,"Devontae Booker","17","2020","5468","Booker, Devontae","RB","lvr","a","den","1.6","4000"
"12630","Kenyan","Drake","ARI","RB",27,4,"RB","average",79.5078166666667,35,3.07702499999999,70.4386112100459,7.8792,149.178,2,"Kenyan Drake","17","2020","5446","Drake, Kenyan","RB","ari","a","lar","8.1","5400"
"12637","Peyton","Barber","WAS","RB",27,4,"RB","average",23.53475,80,3.65575,24.9656535447536,1.82915,48.651,2,"Peyton Barber","17","2020","5507","Barber, Peyton","RB","was","a","phi","1","0"
"12650","Tyler","Boyd","CIN","WR",27,4,"WR","average",110.316916666667,40,3.07516666666668,113.331701244253,12.07565,210.6985,2,"Tyler Boyd","17","2020","5455","Boyd, Tyler","WR","cin","h","bal","2.2","4900"
"12656","Rashard","Higgins","CLE","WR",27,4,"WR","average",54.8558333333333,85,0.341208333333341,55.089461182093,6.439,109.316,2,"Rashard Higgins","17","2020","5475","Higgins, Rashard","WR","cle","h","pit","7.5","4500"
"12658","Sterling","Shepard","NYG","WR",28,4,"WR","average",86.1986666666667,57,0.758541666666687,86.8053557641079,9.4853,170.7325,2,"Sterling Shepard","17","2020","5456","Shepard, Sterling","WR","nyg","h","dal","36.6","5200"
"12660","Pharoh","Cooper","CAR","WR",26,4,"WR","average",0.6395,161,0.0463333333333332,0.79266670171012,0.13505,1.14395,4,"Pharoh Cooper","17","2020","5462","Cooper, Pharoh","WR","car","h","nor","1.9","3000"
"12675","Mike","Thomas","CIN","WR",27,4,"WR","average",-0.1,172,NA,NA,-0.1,-0.1,NA,"Mike Thomas","17","2020","5503","Thomas, Mike","WR","cin","h","bal","0","3000"
"12677","Austin","Hooper","CLE","TE",27,4,"TE","average",74.70925,21,3.81258333333332,77.4643123568309,7.58745,148.6535,1,"Austin Hooper","17","2020","4677","Hooper, Austin","TE","cle","h","pit","13.7","3800"
"12678","Tyler","Higbee","LAR","TE",28,4,"TE","average",92.787,13,6.06393333333332,78.5832312214254,8.7132,165.268,1,"Tyler Higbee","17","2020","4680","Higbee, Tyler","TE","lar","h","ari","7.1","3500"
"12680","Nick","Vannett","DEN","TE",28,4,"TE","average",10.496,82,1.47129166666667,15.3580923728611,1.3622,25.673,3,"Nick Vannett","17","2020","4688","Vannett, Nick","TE","den","h","lvr","0","2500"
"12785","Demarcus","Robinson","KCC","WR",27,4,"WR","average",57.9465833333333,84,3.19466666666667,58.6608142821935,6.60155,114.5915,2,"Demarcus Robinson","17","2020","5515","Robinson, Demarcus","WR","kan","h","lac","11.8","4800"
"12792","Seth","DeValve","ARI","TE",28,4,"TE","average",20.9333333333333,70,1.35433333333333,17.4359781295267,3.82,31,2,"Seth DeValve","17","2020","4690","DeValve, Seth","TE","ari","a","lar","0","2500"
"12806","Andy","Janovich","CLE","RB",28,4,"RB","average",3.67333333333333,120,0.373333333333333,5.60543783600651,0.248,9.194,3,"Andy Janovich","17","2020","5482","Janovich, Andy","RB","cle","h","pit","0","4000"
"12815","Nate","Sudfeld","PHI","QB",28,4,"QB","average",2.391,71,1.101,2.16516096399321,1.0131,3.7689,5,"Nate Sudfeld","17","2020","1507","Sudfeld, Nate","QB","phi","h","was","0.48","0"
"12823","Derek","Watt","PIT","RB",29,4,"RB","average",2.18533333333333,130,0.607583333333333,3.29015886141282,0.0634,5.431,3,"Derek Watt","17","2020","5504","Watt, Derek","RB","pit","a","cle","0","4000"
"12859","Stephen","Anderson","LAC","TE",28,4,"TE","average",15.26575,79,2.60191666666667,15.0991874698608,1.48955,32.735,3,"Stephen Anderson","17","2020","4679","Anderson, Stephen","TE","lac","a","kan","8.2","2600"
"12871","D.J.","Foster","ARI","RB",28,4,"RB","average",0.035,151,NA,NA,0.035,0.035,3,"D.J. Foster","17","2020","5495","Foster, D.J.","RB","ari","a","lar","0","4000"
"12913","Alex","Erickson","CIN","WR",29,4,"WR","average",10.5113333333333,112,0.684500000000002,13.8690161991878,1.6871,24.143,3,"Alex Erickson","17","2020","5480","Erickson, Alex","WR","cin","h","bal","2","3300"
"12923","C.J.","Ham","MIN","RB",28,4,"RB","average",5.99033333333333,109,0.835666666666667,9.06123540142292,0.8139,14.952,3,"C.J. Ham","17","2020","5581","Ham, C.J.","RB","min","a","det","6.4","4000"
"12930","Robby","Anderson","CAR","WR",28,4,"WR","average",112.626416666667,39,3.69687500000001,116.240540261348,11.93785,214.602,2,"Robby Anderson","17","2020","5502","Anderson, Robby","WR","car","h","nor","7","5600"
"12955","Chris","Manhertz","CAR","TE",29,4,"TE","average",25.11575,62,0.474583333333335,30.3269927993199,0.44105,58.8075,2,"Chris Manhertz","17","2020","4697","Manhertz, Chris","TE","car","h","nor","0","2500"
"13065","Eric","Tomlinson","BAL","TE",29,5,"TE","average",1.183,99,0.333,1.56183769963463,0.1211,2.723,4,"Eric Tomlinson","17","2020","4704","Tomlinson, Eric","TE","bal","a","cin","0","2500"
"13066","Kalif","Raymond","TEN","WR",27,4,"WR","average",5.48833333333333,126,0.495833333333334,5.87091631121866,0.9075,11.181,3,"Kalif Raymond","17","2020","5520","Raymond, Kalif","WR","ten","a","hou","0","3000"
"13108","J.D.","McKissic","WAS","RB",28,4,"RB","average",55.2923333333333,54,0.875916666666662,77.925023203932,8.4778,132.163,2,"J.D. McKissic","17","2020","5586","McKissic, J.D.","RB","was","a","phi","8","0"
"13113","Deshaun","Watson","HOU","QB",26,3,"QB","average",162.242233333333,16,1.71196666666665,147.958660641032,13.54064,317.6816,1,"Deshaun Watson","17","2020","1518","Watson, Deshaun","QB","hou","h","ten","29.8","7700"
"13115","Mitchell","Trubisky","CHI","QB",27,3,"QB","average",12.696,41,1.15166666666667,2.34630944250753,10.5692,14.792,2,"Mitchell Trubisky","17","2020","1519","Trubisky, Mitchell","QB","chi","h","gnb","11.28","5600"
"13119","Joshua","Dobbs","PIT","QB",26,3,"QB","average",-0.063,79,NA,NA,-0.063,-0.063,8,"Joshua Dobbs","17","2020","1532","Dobbs, Joshua","QB","pit","a","cle","2.08","4000"
"13125","C.J.","Beathard","SFO","QB",28,3,"QB","average",8.95333333333333,47,0.723833333333332,3.44106572638962,5.574,10.956,3,"C.J. Beathard","17","2020","1520","Beathard, C.J.","QB","sfo","h","sea","14.92","5200"
"13129","Leonard","Fournette","TBB","RB",26,3,"RB","average",99.7851666666667,29,3.59281666666666,106.111246571699,9.2594,206.0075,2,"Leonard Fournette","17","2020","5534","Fournette, Leonard","RB","tam","h","atl","4.7","5800"
"13133","Samaje","Perine","CIN","RB",26,3,"RB","average",20.11,81,1.12233333333333,20.0393945350984,3.148,42.678,2,"Samaje Perine","17","2020","5538","Perine, Samaje","RB","cin","h","bal","5.1","4700"
"13135","Wayne","Gallman","NYG","RB",27,3,"RB","average",53.929,57,3.946625,58.6075215650688,4.9506,121.529,2,"Wayne Gallman","17","2020","5547","Gallman, Wayne","RB","nyg","h","dal","6.5","5300"
"13136","Corey","Clement","PHI","RB",27,3,"RB","average",2.838,123,0.0553333333333335,3.75848976762387,0.4356,6.552,3,"Corey Clement","17","2020","5583","Clement, Corey","RB","phi","h","was","1.8","0"
"13138","Kareem","Hunt","CLE","RB",26,3,"RB","average",111.948933333333,25,1.32880833333333,91.0017924548742,10.808,196.422,2,"Kareem Hunt","17","2020","5560","Hunt, Kareem","RB","cle","h","pit","5.1","5900"
"13139","Jamaal","Williams","GBP","RB",26,3,"RB","average",74.7625,38,2.20475,78.9568204252594,7.043,148.2085,2,"Jamaal Williams","17","2020","5541","Williams, Jamaal","RB","gnb","a","chi","2.6","4400"
"13143","Jeremy","McNichols","TEN","RB",26,3,"RB","average",13.225,89,0.494500000000002,14.098590946143,0.561,28.025,3,"Jeremy McNichols","17","2020","5542","McNichols, Jeremy","RB","ten","a","hou","0","4000"
"13146","James","Conner","PIT","RB",26,3,"RB","average",90.9559166666667,33,9.78083333333333,93.8426074459251,10.02745,183.5045,2,"James Conner","17","2020","5537","Conner, James","RB","pit","a","cle","11.2","6000"
"13148","Dare","Ogunbowale","JAC","RB",27,3,"RB","average",4.49966666666667,117,0.587916666666666,5.05826521645514,0.5051,9.398,3,"Dare Ogunbowale","17","2020","5697","Ogunbowale, Dare","RB","jac","a","ind","11.2","4500"
"13153","Corey","Davis","TEN","WR",26,3,"WR","average",94.8511666666667,51,0.395416666666677,94.6801005280413,12.1078,182.383,2,"Corey Davis","17","2020","5550","Davis, Corey","WR","ten","a","hou","8.9","6200"
"13154","Mike","Williams","LAC","WR",27,3,"WR","average",64.2563333333333,76,1.93008333333334,91.902807421754,9.8846,154.655,2,"Mike Williams","17","2020","5594","Williams, Mike","WR","lac","a","kan","25.8","5000"
"13156","JuJu","Smith-Schuster","PIT","WR",25,3,"WR","average",121.036833333333,35,3.32470833333333,126.232009227388,12.02565,237.16,2,"JuJu Smith-Schuster","17","2020","5553","Smith-Schuster, JuJu","WR","pit","a","cle","18.5","6400"
"13157","Curtis","Samuel","CAR","WR",25,3,"WR","average",101.3915,45,0.52987499999999,104.387984472991,10.9706,196.3745,2,"Curtis Samuel","17","2020","5556","Samuel, Curtis","WR","car","h","nor","22.1","5300"
"13163","Chris","Godwin","TBB","WR",25,3,"WR","average",125.93625,33,3.44466666666665,127.367953018999,15.80975,236.608,1,"Chris Godwin","17","2020","5579","Godwin, Chris","WR","tam","h","atl","33.3","6600"
"13168","Josh","Reynolds","LAR","WR",26,3,"WR","average",59.4320833333333,83,3.03087499999999,59.3840310149398,7.28775,117.5835,2,"Josh Reynolds","17","2020","5582","Reynolds, Josh","WR","lar","h","ari","6.9","3200"
"13172","Noah","Brown","DAL","WR",24,3,"WR","average",7.208,122,0.636333333333333,11.0396044011248,0.2906,18.161,3,"Noah Brown","17","2020","5585","Brown, Noah","WR","dal","a","nyg","0","3000"
"13176","Zay","Jones","LVR","WR",26,3,"WR","average",3.81333333333333,134,0.363333333333333,4.60301350566488,0.684,8.352,3,"Zay Jones","17","2020","5557","Jones, Zay","WR","lvr","a","den","4.7","3000"
"13179","Gehrig","Dieter","KCC","WR",28,3,"WR","average",2.29966666666667,141,0.430666666666667,3.83685943622298,0.0649,6.0679,3,"Gehrig Dieter","17","2020","5705","Dieter, Gehrig","WR","kan","h","lac","2","3000"
"13183","Chad","Hansen","HOU","WR",26,3,"WR","average",4.2505,129,0.110666666666666,5.86827917706716,0.51595,7.98505,3,"Chad Hansen","17","2020","5601","Hansen, Chad","WR","hou","h","ten","3.6","4100"
"13189","Evan","Engram","NYG","TE",27,3,"TE","average",85.6656,15,1.01643333333332,70.2384258849812,8.7604,140.848,1,"Evan Engram","17","2020","4701","Engram, Evan","TE","nyg","h","dal","3.7","3700"
"13192","David","Njoku","CLE","TE",25,3,"TE","average",36.173,49,2.48533333333334,37.9910672088409,2.8758,71.2385,2,"David Njoku","17","2020","4702","Njoku, David","TE","cle","h","pit","3.3","2600"
"13193","Jonnu","Smith","TEN","TE",26,3,"TE","average",84.739,16,0.340533333333326,70.5753022324382,7.6432,141,1,"Jonnu Smith","17","2020","4706","Smith, Jonnu","TE","ten","a","hou","1.8","3800"
"13236","Gerald","Everett","LAR","TE",27,3,"TE","average",55.5565833333333,32,0.595833333333324,57.8026866676628,5.2097,105.883,2,"Gerald Everett","17","2020","4705","Everett, Gerald","TE","lar","h","ari","4.5","2700"
"13240","Brian","Hill","ATL","RB",26,3,"RB","average",35.0656666666667,73,1.388125,44.9684500214688,1.7416,88.913,2,"Brian Hill","17","2020","5608","Hill, Brian","RB","atl","a","tam","16.6","4200"
"13246","Mo","Alie-Cox","IND","TE",28,3,"TE","average",42.13975,46,4.008625,44.1308569701141,3.84485,83.1215,2,"Mo Alie-Cox","17","2020","4736","Alie-Cox, Mo","TE","ind","h","jac","0","2500"
"13254","Adam","Shaheen","MIA","TE",27,3,"TE","average",23.38975,68,1.51020833333333,25.2566054264358,1.8206,47.514,2,"Adam Shaheen","17","2020","4709","Shaheen, Adam","TE","mia","a","buf","3.2","2500"
"13299","George","Kittle","SFO","TE",28,3,"TE","average",144.1124,3,27.05085,137.711936115937,13.0944,302.008,1,"George Kittle","17","2020","4703","Kittle, George","TE","sfo","h","sea","13.8","6000"
"13308","Jamal","Agnew","DET","WR",26,3,"WR","average",9.15266666666667,114,0.257666666666667,13.1383485009849,1.5812,22.121,3,"Jamal Agnew","17","2020","5855","Agnew, Jamal","WR","det","h","min","-1","3000"
"13313","Isaiah","McKenzie","BUF","WR",26,3,"WR","average",19.827,102,2.83449999999999,29.8818695923353,2.1219,49.281,3,"Isaiah McKenzie","17","2020","5574","McKenzie, Isaiah","WR","buf","h","mia","30.5","3000"
"13315","Eric","Saubert","JAC","TE",27,3,"TE","average",1.774,96,0.401666666666667,2.93236218772511,0.0802,4.6522,4,"Eric Saubert","17","2020","4726","Saubert, Eric","TE","jac","a","ind","1.9","2500"
"13319","Aaron","Jones","GBP","RB",27,3,"RB","average",160.9563,10,3.92723333333333,140.314389843665,16.4672,298.318,1,"Aaron Jones","17","2020","5543","Jones, Aaron","RB","gnb","a","chi","18.5","7100"
"13348","David","Moore","SEA","WR",26,3,"WR","average",13.4816666666667,107,1.25466666666667,18.4561523165944,0.751500000000001,31.563,3,"David Moore","17","2020","5655","Moore, David","WR","sea","a","sfo","1.5","3000"
"13364","Chris","Carson","SEA","RB",27,3,"RB","average",131.2141,17,0.692516666666648,109.447494803673,15.0916,233.968,2,"Chris Carson","17","2020","5565","Carson, Chris","RB","sea","a","sfo","10.3","6200"
"13367","Austin","Carr","FA","WR",28,3,"WR","average",2.78,138,0.425,NA,2.78,2.78,3,"Austin Carr","17","2020","5648","Carr, Austin","WR","nor","a","car","8.1","3000"
"13369","Cethan","Carter","CIN","TE",28,3,"TE","average",2.21166666666667,92,0.231666666666666,2.90219026484022,0.1875,5.07,4,"Cethan Carter","17","2020","4711","Carter, Cethan","TE","cin","h","bal","3.1","2500"
"13377","Tim","Patrick","DEN","WR",28,3,"WR","average",59.62175,82,0.932416666666668,65.7063021704666,5.20895,133.4445,2,"Tim Patrick","17","2020","5651","Patrick, Tim","WR","den","h","lvr","6.6","4000"
"13378","Matt","Breida","MIA","RB",26,3,"RB","average",37.35575,70,1.43358333333333,46.2598780685452,2.06555,92.0685,2,"Matt Breida","17","2020","5567","Breida, Matt","RB","mia","a","buf","0","4000"
"13391","Jacob","Hollister","SEA","TE",28,3,"TE","average",45.81975,43,1.57225,57.2358392115465,1.11265,112.6405,2,"Jacob Hollister","17","2020","4707","Hollister, Jacob","TE","sea","a","sfo","1.6","3000"
"13396","Darrell","Daniels","ARI","TE",27,4,"TE","average",11.1343333333333,81,0.875958333333333,16.6686904504623,1.5138,27.5148,3,"Darrell Daniels","17","2020","4708","Daniels, Darrell","TE","ari","a","lar","0","2500"
"13404","Austin","Ekeler","LAC","RB",26,3,"RB","average",161.50325,9,1.06993333333335,169.098999067361,16.47145,321.0855,1,"Austin Ekeler","17","2020","5575","Ekeler, Austin","RB","lac","a","kan","17.1","7500"
"13412","Keelan","Cole","JAC","WR",28,3,"WR","average",51.9773333333333,89,3.66016666666667,52.0284540964525,7.8056,105.5795,2,"Keelan Cole","17","2020","5570","Cole, Keelan","WR","jac","a","ind","5.3","3400"
"13416","P.J.","Walker","CAR","QB",26,3,"QB","average",7.6875,52,0.330833333333333,10.0897066607508,1.26645,14.10855,4,"P.J. Walker","17","2020","1558","Walker, P.J.","QB","car","h","nor","0.8","4600"
"13418","Kendrick","Bourne","SFO","WR",26,3,"WR","average",33.4203333333333,96,4.92783333333333,44.5120269178268,5.1649,77.11,3,"Kendrick Bourne","17","2020","5598","Bourne, Kendrick","WR","sfo","h","sea","12.6","4300"
"13424","Taysom","Hill","NOS","QB",31,3,"QB","average",74.09525,30,21.9180416666667,77.8734875610221,5.82405,143.8241,1,"Taysom Hill","17","2020","1530","Hill, Taysom","QB","nor","a","car","11.6","5800"
"13427","Robert","Tonyan","GBP","TE",27,3,"TE","average",98.427,8,1.0457,82.5864393832305,7.932,171.494,1,"Robert Tonyan","17","2020","4744","Tonyan, Robert","TE","gnb","a","chi","9.8","5000"
"13455","Patrick","Ricard","BAL","RB",27,3,"RB","average",14.4080833333333,84,0.0484166666666663,17.8627962350057,0.5413,35.1895,3,"Patrick Ricard","17","2020","5743","Ricard, Patrick","RB","bal","a","cin","0","4000"
"13488","Zach","Pascal","IND","WR",27,3,"WR","average",60.23625,80,0.330374999999997,64.6906584414112,6.07575,131.2905,2,"Zach Pascal","17","2020","5647","Pascal, Zach","WR","ind","h","jac","6.1","4200"
"13585","Brandon","Zylstra","CAR","WR",28,2,"WR","average",0.781,159,0.1005,0.688696595025705,0.1547,1.394,4,"Brandon Zylstra","17","2020","5677","Zylstra, Brandon","WR","car","h","nor","0","3000"
"13589","Josh","Allen","BUF","QB",25,2,"QB","average",223.661733333333,4,10.1244666666666,203.228395546607,22.07816,419.6672,1,"Josh Allen","17","2020","1529","Allen, Josh","QB","buf","h","mia","20.26","7600"
"13590","Baker","Mayfield","CLE","QB",26,2,"QB","average",151.882,23,7.07026666666667,146.299380281285,16.10084,287.3324,1,"Baker Mayfield","17","2020","1528","Mayfield, Baker","QB","cle","h","pit","16.24","5500"
"13592","Sam","Darnold","NYJ","QB",24,2,"QB","average",146.4835,24,4.32984999999999,153.201289057893,13.7055,287.7676,1,"Sam Darnold","17","2020","1524","Darnold, Sam","QB","nyj","a","nwe","12.94","4900"
"13593","Lamar","Jackson","BAL","QB",24,2,"QB","average",212.166266666667,6,9.35608333333334,177.712966734136,22.88336,379.3008,1,"Lamar Jackson","17","2020","1527","Jackson, Lamar","QB","bal","a","cin","25.22","8000"
"13595","Mason","Rudolph","PIT","QB",26,2,"QB","average",12.9686666666667,40,0.610666666666665,1.67876899343934,11.479,14.4994,2,"Mason Rudolph","17","2020","1526","Rudolph, Mason","QB","pit","a","cle","22.7","4300"
"13606","Ronald","Jones","TBB","RB",24,2,"RB","average",82.84235,34,4.18648333333334,66.3818208186549,10.3808,144.024,2,"Ronald Jones","17","2020","5617","Jones, Ronald","RB","tam","h","atl","13.8","5900"
"13607","Sony","Michel","NEP","RB",26,2,"RB","average",48.771,60,2.316,50.0388659343914,4.3189,96.0205,2,"Sony Michel","17","2020","5615","Michel, Sony","RB","nwe","h","nyj","22.6","4600"
"13608","Rashaad","Penny","SEA","RB",25,2,"RB","average",50.8574166666667,58,1.91825,52.8278395884531,5.36305,100.1045,2,"Rashaad Penny","17","2020","5618","Penny, Rashaad","RB","sea","a","sfo","1.9","4000"
"13610","Nick","Chubb","CLE","RB",26,2,"RB","average",138.031833333333,16,6.86028333333331,130.616312533313,15.2544,261.664,2,"Nick Chubb","17","2020","5622","Chubb, Nick","RB","cle","h","pit","19.8","7600"
"13611","Josh","Adams","NYJ","RB",25,2,"RB","average",11.337,94,0.161083333333332,12.6340796789213,0.5393,25.4275,3,"Josh Adams","17","2020","5661","Adams, Josh","RB","nyj","a","nwe","13.9","4000"
"13612","Kerryon","Johnson","DET","RB",24,2,"RB","average",8.826,102,0.725999999999999,10.6833324856994,0.676700000000001,19.277,3,"Kerryon Johnson","17","2020","5621","Johnson, Kerryon","RB","det","h","min","0","4000"
"13613","Jaylen","Samuels","PIT","RB",25,2,"RB","average",11.2863333333333,95,0.778833333333333,15.8723639386199,1.7581,26.977,3,"Jaylen Samuels","17","2020","5688","Samuels, Jaylen","RB","pit","a","cle","0","4000"
"13617","Royce","Freeman","DEN","RB",25,2,"RB","average",13.8815,88,0.788500000000001,12.4302773768998,2.0461,26.979,3,"Royce Freeman","17","2020","5620","Freeman, Royce","RB","den","h","lvr","3.2","4000"
"13620","Justin","Jackson","LAC","RB",26,2,"RB","average",37.8305,69,0.868458333333336,37.0177914342099,5.0712,72.437,2,"Justin Jackson","17","2020","5682","Jackson, Justin","RB","lac","a","kan","13.4","4000"
"13621","Kalen","Ballage","LAC","RB",26,2,"RB","average",2.58066666666667,126,0.0719166666666666,2.52283993414829,0.3698,4.904,3,"Kalen Ballage","17","2020","5628","Ballage, Kalen","RB","lac","a","kan","9.6","4000"
"13622","Nyheim","Hines","IND","RB",25,2,"RB","average",75.0576666666667,37,0.641833333333352,76.3608869164487,8.0234,144.471,2,"Nyheim Hines","17","2020","5623","Hines, Nyheim","RB","ind","h","jac","12.7","4900"
"13623","Darrel","Williams","KCC","RB",26,2,"RB","average",53.9613333333333,56,1.568125,53.1266968764293,5.9437,104.082,2,"Darrel Williams","17","2020","5708","Williams, Darrel","RB","kan","h","lac","1.2","4800"
"13629","Calvin","Ridley","ATL","WR",27,2,"WR","average",183.34955,8,13.67165,150.176927628048,18.966,300.378,1,"Calvin Ridley","17","2020","5631","Ridley, Calvin","WR","atl","a","tam","11.6","8500"
"13631","James","Washington","PIT","WR",25,2,"WR","average",61.28325,78,0.756458333333335,67.5380728102058,4.88205,134.464,2,"James Washington","17","2020","5635","Washington, James","WR","pit","a","cle","0","3500"
"13632","Allen","Lazard","GBP","WR",26,2,"WR","average",78.6405833333333,65,0.104124999999982,79.2381667522035,8.66365,151.2075,2,"Allen Lazard","17","2020","5711","Lazard, Allen","WR","gnb","a","chi","3.7","4200"
"13634","Dante","Pettis","NYG","WR",26,2,"WR","average",0.586333333333333,163,0.108083333333333,0.829178509128161,0.0941,1.409,4,"Dante Pettis","17","2020","5638","Pettis, Dante","WR","nyg","h","dal","12.3","3000"
"13635","D.J.","Moore","CAR","WR",24,2,"WR","average",143.590883333333,26,11.9139,118.862063128653,14.0292,243.312,1,"D.J. Moore","17","2020","5633","Moore, D.J.","WR","car","h","nor","18.1","5700"
"13637","Equanimeous","St. Brown","GBP","WR",25,2,"WR","average",8.09933333333333,119,0.157666666666667,9.44802843631058,1.7452,17.353,3,"Equanimeous St. Brown","17","2020","5672","St. Brown, Equanimeous","WR","gnb","a","chi","0","3000"
"13638","Braxton","Berrios","NYJ","WR",26,2,"WR","average",5.045,127,0.44975,0.487903679018717,4.4445,5.0655,3,"Braxton Berrios","17","2020","5641","Berrios, Braxton","WR","nyj","a","nwe","6.6","3300"
"13639","Anthony","Miller","CHI","WR",27,2,"WR","average",36.354,94,2.70233333333333,49.3010700323364,7.4293,84.427,3,"Anthony Miller","17","2020","5632","Miller, Anthony","WR","chi","h","gnb","3.3","3300"
"13641","Ray-Ray","McCloud","PIT","WR",25,2,"WR","average",10.827,111,0.320833333333333,16.504717265073,1.3326,27.0726,3,"Ray-Ray McCloud","17","2020","5665","McCloud, Ray-Ray","WR","pit","a","cle","1.7","3000"
"13644","Javon","Wims","CHI","WR",27,2,"WR","average",6.14333333333333,124,0.449333333333333,8.65594785874622,0.634,14.611,3,"Javon Wims","17","2020","5671","Wims, Javon","WR","chi","h","gnb","0","3000"
"13646","Michael","Gallup","DAL","WR",25,2,"WR","average",100.817,47,0.878500000000003,103.207494424258,11.3588,190.667,2,"Michael Gallup","17","2020","5634","Gallup, Michael","WR","dal","a","nyg","8.9","5000"
"13649","DaeSean","Hamilton","DEN","WR",26,2,"WR","average",10.501,113,1.47466666666667,10.3053742290127,3.9647,17.0813,3,"DaeSean Hamilton","17","2020","5640","Hamilton, DaeSean","WR","den","h","lvr","3.8","3000"
"13652","Cedrick","Wilson","DAL","WR",26,2,"WR","average",8.08333333333333,120,0.579333333333333,12.6103819661949,0.266,20.588,3,"Cedrick Wilson","17","2020","5766","Wilson, Cedrick","WR","dal","a","nyg","1.3","3000"
"13659","Steven","Mitchell","HOU","WR",27,2,"WR","average",0.5,164,0.0549999999999999,NA,0.5,0.5,4,"Steven Mitchell","17","2020","5786","Mitchell, Steven","WR","hou","h","ten","3","3000"
"13662","Keke","Coutee","HOU","WR",24,2,"WR","average",54.38125,87,1.60258333333334,57.9844997068182,4.61975,119.492,2,"Keke Coutee","17","2020","5670","Coutee, Keke","WR","hou","h","ten","15","5600"
"13669","Malik","Turner","DAL","WR",25,2,"WR","average",1.03666666666667,154,0.0366666666666666,1.17738410611547,0.186,2.193,4,"Malik Turner","17","2020","5702","Turner, Malik","WR","dal","a","nyg","0","3000"
"13671","Mark","Andrews","BAL","TE",25,2,"TE","average",120.1231,4,6.338475,99.8434949348229,11.9936,205.668,1,"Mark Andrews","17","2020","4721","Andrews, Mark","TE","bal","a","cin","6.7","5800"
"13672","Mike","Gesicki","MIA","TE",26,2,"TE","average",95.2662666666667,11,1.76564166666667,78.6115946715241,9.3824,157.56,1,"Mike Gesicki","17","2020","4719","Gesicki, Mike","TE","mia","a","buf","9.7","4200"
"13673","Troy","Fumagalli","DEN","TE",26,2,"TE","average",5.15,88,0.675,5.7558491988585,1.487,8.813,3,"Troy Fumagalli","17","2020","4762","Fumagalli, Troy","TE","den","h","lvr","9.5","2500"
"13675","Tyler","Conklin","MIN","TE",26,2,"TE","average",36.36725,48,0.484749999999998,36.8677015862123,4.20085,70.2535,2,"Tyler Conklin","17","2020","4732","Conklin, Tyler","TE","min","a","det","7","3000"
"13676","Durham","Smythe","MIA","TE",26,2,"TE","average",22.82575,69,2.56858333333333,27.0580074207864,0.55905,53.8715,2,"Durham Smythe","17","2020","4737","Smythe, Durham","TE","mia","a","buf","5.3","2500"
"13678","Ian","Thomas","CAR","TE",25,2,"TE","average",31.3345,53,0.380750000000003,37.0415062823674,1.4243,73.669,2,"Ian Thomas","17","2020","4730","Thomas, Ian","TE","car","h","nor","0.9","2500"
"13679","Chris","Herndon","NYJ","TE",25,2,"TE","average",53.34575,35,2.53408333333333,56.4563002293219,4.48795,103.281,2,"Chris Herndon","17","2020","4734","Herndon, Chris","TE","nyj","a","nwe","19.3","2800"
"13680","Hayden","Hurst","ATL","TE",28,2,"TE","average",75.7198,20,2.31850833333334,66.0076250534739,5.6752,143.72,1,"Hayden Hurst","17","2020","4720","Hurst, Hayden","TE","atl","a","tam","12.8","3700"
"13724","Richie","James","SFO","WR",26,2,"WR","average",46.3328333333333,91,6.666,54.1958309681966,2.0513,107.803,2,"Richie James","17","2020","5674","James, Richie","WR","sfo","h","sea","9.6","3100"
"13726","Chase","Edmonds","ARI","RB",25,2,"RB","average",111.39425,26,5.680925,117.342502283912,9.16105,214.21,2,"Chase Edmonds","17","2020","5619","Edmonds, Chase","RB","ari","a","lar","4.5","4600"
"13753","Jordan","Akins","HOU","TE",29,2,"TE","average",54.63175,34,1.89720833333334,56.5830409420526,4.29595,108.023,2,"Jordan Akins","17","2020","4729","Akins, Jordan","TE","hou","h","ten","1.9","3300"
"13763","Will","Dissly","SEA","TE",25,2,"TE","average",47.46225,39,0.676916666666656,49.8576422451965,3.65065,94.344,2,"Will Dissly","17","2020","4727","Dissly, Will","TE","sea","a","sfo","3","2500"
"13768","Ito","Smith","ATL","RB",26,2,"RB","average",8.17,103,0.212499999999999,NA,8.17,8.17,3,"Ito Smith","17","2020","5658","Smith, Ito","RB","atl","a","tam","2.6","4300"
"13772","Dalton","Schultz","DAL","TE",25,2,"TE","average",64.2396,25,2.84464166666666,61.4982739335016,3.4264,138.08,2,"Dalton Schultz","17","2020","4742","Schultz, Dalton","TE","dal","a","nyg","14","3000"
"13776","Justin","Watson","TBB","WR",26,2,"WR","average",4.20966666666667,130,0.214666666666667,5.2782468996186,0.7311,9.417,3,"Justin Watson","17","2020","5690","Watson, Justin","WR","tam","h","atl","0","3000"
"13793","Marquez","Valdes-Scantling","GBP","WR",27,2,"WR","average",67.4465833333333,75,3.63379166666667,69.9972741058536,6.10055,133.1615,2,"Marquez Valdes-Scantling","17","2020","5656","Valdes-Scantling, Marquez","WR","gnb","a","chi","17.1","3600"
"13809","Russell","Gage","ATL","WR",25,2,"WR","average",95.739,50,0.892416666666662,96.5292369992981,11.6349,183.589,2,"Russell Gage","17","2020","5680","Gage, Russell","WR","atl","a","tam","25.2","5100"
"13814","Boston","Scott","PHI","RB",26,2,"RB","average",40.3884166666667,64,1.40308333333334,40.1347392199077,3.88545,83.238,2,"Boston Scott","17","2020","5624","Scott, Boston","RB","phi","h","was","9.9","0"
"13816","Trenton","Cannon","CAR","RB",27,2,"RB","average",4.988,111,0.187666666666668,7.17133358123392,0.2646,12.096,3,"Trenton Cannon","17","2020","5657","Cannon, Trenton","RB","car","h","nor","0","4000"
"13849","Ryan","Nall","CHI","RB",26,2,"RB","average",2.195,129,0.277333333333334,0.275771644662753,2.0295,2.3805,3,"Ryan Nall","17","2020","5815","Nall, Ryan","RB","chi","h","gnb","0","4000"
"13850","Gus","Edwards","BAL","RB",26,2,"RB","average",63.8561666666667,46,2.16316666666666,65.1643071729711,6.2738,125.209,2,"Gus Edwards","17","2020","5681","Edwards, Gus","RB","bal","a","cin","8","4900"
"13857","Deon","Yelder","KCC","TE",26,2,"TE","average",7.51,85,0.8475,1.15258405333407,6.8015,8.2685,3,"Deon Yelder","17","2020","4764","Yelder, Deon","TE","kan","h","lac","2.6","3100"
"13862","River","Cracraft","SFO","WR",27,3,"WR","average",1.151,150,0.0373333333333332,1.08021124477268,0.2397,2.136,4,"River Cracraft","17","2020","5694","Cracraft, River","WR","sfo","h","sea","3.7","3000"
"13863","Byron","Pringle","KCC","WR",28,2,"WR","average",36.73,93,1.6115,43.3597878223591,9.086,64.274,2,"Byron Pringle","17","2020","5759","Pringle, Byron","WR","kan","h","lac","15.2","3900"
"13864","Greg","Ward","PHI","WR",26,3,"WR","average",28.91,97,2.85633333333333,31.1268405078318,9.201,48.819,3,"Greg Ward","17","2020","5793","Ward, Greg","WR","phi","h","was","2.2","0"
"13868","Mike","Boone","MIN","RB",26,2,"RB","average",25.2533333333333,77,1.19333333333333,23.8709340342322,3.46,47.1155,2,"Mike Boone","17","2020","5662","Boone, Mike","RB","min","a","det","2.9","4000"
"13871","Dontrell","Hilliard","HOU","RB",26,2,"RB","average",18.3273333333333,83,3.921625,17.8396794066859,2.0318,34.124,2,"Dontrell Hilliard","17","2020","5683","Hilliard, Dontrell","RB","hou","h","ten","0","4000"
"13880","Dan","Arnold","ARI","TE",26,3,"TE","average",47.67275,38,0.45729166666667,50.1893551487763,4.32985,99.7825,2,"Dan Arnold","17","2020","4741","Arnold, Dan","TE","ari","a","lar","7.6","3100"
"13893","Trent","Sherfield","ARI","WR",25,2,"WR","average",1.72733333333333,144,0.0673333333333332,1.5562009296146,0.2728,3.061,3,"Trent Sherfield","17","2020","5699","Sherfield, Trent","WR","ari","a","lar","8.4","3000"
"13895","Cam","Sims","WAS","WR",25,2,"WR","average",18.23,103,2.8235,9.18531708761325,12.3395,24.0305,3,"Cam Sims","17","2020","5812","Sims, Cam","WR","was","a","phi","9.3","0"
"13912","Cameron","Batson","TEN","WR",26,2,"WR","average",1.99,142,0.252333333333334,NA,1.99,1.99,3,"Cameron Batson","17","2020","5679","Batson, Cameron","WR","ten","a","hou","0","3000"
"13916","Buddy","Howell","HOU","RB",25,2,"RB","average",5.32133333333333,110,0.404500000000001,5.32010826957497,1.0176,10.464,3,"Buddy Howell","17","2020","5763","Howell, Buddy","RB","hou","h","ten","0","4000"
"13919","Anthony","Firkser","TEN","TE",26,2,"TE","average",62.057,26,1.74537499999999,65.0766459511398,4.84995,121.132,2,"Anthony Firkser","17","2020","4738","Firkser, Anthony","TE","ten","a","hou","3.8","2800"
"13940","Johnny","Mundt","LAR","TE",27,3,"TE","average",8.02866666666667,84,0.783666666666667,12.2135443395164,0.2476,20.0746,3,"Johnny Mundt","17","2020","4747","Mundt, Johnny","TE","lar","h","ari","0","2500"
"13963","KhaDarel","Hodge","CLE","WR",26,2,"WR","average",1.12733333333333,151,0.0423333333333336,0.898310265628382,0.2418,1.689,4,"KhaDarel Hodge","17","2020","5675","Hodge, KhaDarel","WR","cle","h","pit","4.5","3000"
"13988","Ross","Dwelley","SFO","TE",26,2,"TE","average",15.77,76,0.0604999999999993,16.0742330039933,1.5405,31.2815,3,"Ross Dwelley","17","2020","4745","Dwelley, Ross","TE","sfo","h","sea","4.1","2500"
"13994","Pharaoh","Brown","HOU","TE",27,3,"TE","average",19.41,73,1.26,25.4699862583394,3.201,35.619,2,"Pharaoh Brown","17","2020","4753","Brown, Pharaoh","TE","hou","h","ten","15.8","2500"
"13999","Chad","Beebe","MIN","WR",27,2,"WR","average",15.058,105,1.55866666666667,22.3226488571585,1.8784,37.0234,3,"Chad Beebe","17","2020","5692","Beebe, Chad","WR","min","a","det","12.4","3000"
"14056","Kyler","Murray","ARI","QB",24,1,"QB","average",214.908266666667,5,3.78860000000003,178.396865713185,20.13796,375.8188,1,"Kyler Murray","17","2020","1537","Murray, Kyler","QB","ari","a","lar","3.78","7500"
"14057","Drew","Lock","DEN","QB",25,1,"QB","average",62.5384833333333,31,21.5205166666667,61.95767989811,8.85391,128.0676,1,"Drew Lock","17","2020","1547","Lock, Drew","QB","den","h","lvr","27.26","5000"
"14059","Daniel","Jones","NYG","QB",24,1,"QB","average",141.167333333333,26,46.5256083333333,146.701074179207,14.8973,274.2609,1,"Daniel Jones","17","2020","1539","Jones, Daniel","QB","nyg","h","dal","16.86","5100"
"14071","David","Montgomery","CHI","RB",24,1,"RB","average",131.129,18,2.85333333333335,102.574551306842,13.7664,220,2,"David Montgomery","17","2020","5713","Montgomery, David","RB","chi","h","gnb","28.2","7700"
"14072","Benny","Snell","PIT","RB",23,1,"RB","average",32.5843333333333,75,4.57316666666667,33.6231709143164,2.9089,66.431,2,"Benny Snell","17","2020","5740","Snell, Benny","RB","pit","a","cle","1","5100"
"14073","Josh","Jacobs","LVR","RB",23,1,"RB","average",118.9754,23,5.35601666666668,102.318622913915,14.524,217.464,2,"Josh Jacobs","17","2020","5712","Jacobs, Josh","RB","lvr","a","den","20.9","6200"
"14076","Trayveon","Williams","CIN","RB",24,1,"RB","average",62.24,47,1.3945,61.2180880132661,6.89800000000001,117.085,2,"Trayveon Williams","17","2020","5888","Williams, Trayveon","RB","cin","h","bal","8.7","4000"
"14080","Devin","Singletary","BUF","RB",24,1,"RB","average",74.0691666666667,39,4.61262499999998,75.1445076169909,8.6935,142.465,2,"Devin Singletary","17","2020","5717","Singletary, Devin","RB","buf","h","mia","2.3","4500"
"14081","Myles","Gaskin","MIA","RB",24,1,"RB","average",115.289833333333,24,3.61824166666666,116.765816897184,14.0411,220.546,2,"Myles Gaskin","17","2020","5789","Gaskin, Myles","RB","mia","a","buf","17.7","6500"
"14085","Tony","Pollard","DAL","RB",24,1,"RB","average",67.18025,44,2.25983333333333,66.3470798672908,9.04335,127.0015,2,"Tony Pollard","17","2020","5718","Pollard, Tony","RB","dal","a","nyg","6.3","5900"
"14086","Justice","Hill","BAL","RB",24,1,"RB","average",9.60433333333333,99,0.0828333333333351,14.4445191335676,1.2927,23.853,3,"Justice Hill","17","2020","5719","Hill, Justice","RB","bal","a","cin","2.1","4000"
"14095","Ty","Johnson","NYJ","RB",24,1,"RB","average",38.03,68,0.436875000000001,46.9518902707868,8.15,67.91,2,"Ty Johnson","17","2020","5742","Johnson, Ty","RB","nyj","a","nwe","8.8","4300"
"14096","Devine","Ozigbo","JAC","RB",25,1,"RB","average",6.55,107,0.515083333333332,5.76292026667036,2.9075,10.2425,3,"Devine Ozigbo","17","2020","5813","Ozigbo, Devine","RB","jac","a","ind","0","4000"
"14101","N'Keal","Harry","NEP","WR",24,1,"WR","average",24.0323333333333,99,3.25566666666667,32.4271112856716,4.7613,55.947,3,"N'Keal Harry","17","2020","5724","Harry, N'Keal","WR","nwe","h","nyj","3.7","3100"
"14104","A.J.","Brown","TEN","WR",24,1,"WR","average",162.201733333333,12,2.72996666666668,132.783430490404,16.7384,268.26,1,"A.J. Brown","17","2020","5728","Brown, A.J.","WR","ten","a","hou","34.1","7200"
"14105","Marquise","Brown","BAL","WR",24,1,"WR","average",101.7075,43,0.249625000000009,104.203558843576,11.1082,195.5855,2,"Marquise Brown","17","2020","5730","Brown, Marquise","WR","bal","a","cin","21.1","5900"
"14107","JJ","Arcega-Whiteside","PHI","WR",25,1,"WR","average",2.78833333333333,137,0.198333333333333,3.17967896702377,0.5595,5.919,3,"JJ Arcega-Whiteside","17","2020","5732","Arcega-Whiteside, JJ","WR","phi","h","was","6","0"
"14109","Terry","McLaurin","WAS","WR",26,1,"WR","average",131.858166666667,27,0.787066666666675,135.542620790166,14.4319,250.0955,1,"Terry McLaurin","17","2020","5757","McLaurin, Terry","WR","was","a","phi","17","0"
"14113","Mecole","Hardman","KCC","WR",23,1,"WR","average",85.50625,58,0.273750000000007,86.0873014614622,10.46225,163.434,2,"Mecole Hardman","17","2020","5727","Hardman, Mecole","WR","kan","h","lac","3.5","4200"
"14117","Tyron","Johnson","LAC","WR",25,1,"WR","average",60.19,81,0.663083333333333,56.1838597819694,8.67900000000001,109.713,2,"Tyron Johnson","17","2020","5878","Johnson, Tyron","WR","lac","a","kan","5.5","4000"
"14121","Andy","Isabella","ARI","WR",25,1,"WR","average",8.202,117,0.073166666666669,8.76463872615409,1.899,16.8174,3,"Andy Isabella","17","2020","5734","Isabella, Andy","WR","ari","a","lar","0","3000"
"14122","Darius","Slayton","NYG","WR",24,1,"WR","average",126.9,32,1.95870833333333,10.3237590053236,120.33,133.47,1,"Darius Slayton","17","2020","5767","Slayton, Darius","WR","nyg","h","dal","4.2","4100"
"14123","Hunter","Renfrow","LVR","WR",26,1,"WR","average",69.5946666666667,72,0.477125000000015,72.8996505775805,7.1542,141.2985,2,"Hunter Renfrow","17","2020","5761","Renfrow, Hunter","WR","lvr","a","den","5.4","3900"
"14124","KeeSean","Johnson","ARI","WR",25,1,"WR","average",11.4406666666667,110,0.7715,13.8181388520066,1.3448,24.995,3,"KeeSean Johnson","17","2020","5731","Johnson, KeeSean","WR","ari","a","lar","3.3","3000"
"14125","Miles","Boykin","BAL","WR",25,1,"WR","average",11.685,109,0.551166666666667,14.7968653775048,1.5365,26.021,3,"Miles Boykin","17","2020","5748","Boykin, Miles","WR","bal","a","cin","11.3","3000"
"14127","Jakobi","Meyers","NEP","WR",25,1,"WR","average",42.6036666666667,92,6.06166666666667,56.9650709236224,7.3114,98.71,2,"Jakobi Meyers","17","2020","5749","Meyers, Jakobi","WR","nwe","h","nyj","18.26","5000"
"14137","Noah","Fant","DEN","TE",24,1,"TE","average",97.0366,10,2.29634166666666,79.7659629240442,9.873,161.098,1,"Noah Fant","17","2020","4748","Fant, Noah","TE","den","h","lvr","8.8","4400"
"14138","T.J.","Hockenson","DET","TE",24,1,"TE","average",94.21425,12,3.93048333333334,97.9343482419898,9.15955,182.015,1,"T.J. Hockenson","17","2020","4749","Hockenson, T.J.","TE","det","h","min","5.5","4600"
"14141","Irv","Smith Jr.","MIN","TE",23,1,"TE","average",77.6635,19,2.44897499999999,79.1011173688463,8.0634,150.5265,1,"Irv Smith Jr.","17","2020","4757","Smith Jr., Irv","TE","min","a","det","5","3900"
"14142","Kaden","Smith","NYG","TE",24,1,"TE","average",4.35,90,2.04416666666667,2.50315800540038,2.757,5.943,3,"Kaden Smith","17","2020","4770","Smith, Kaden","TE","nyg","h","dal","2.6","2500"
"14143","Dawson","Knox","BUF","TE",25,1,"TE","average",72.0933333333333,22,4.94125,57.2311115856868,15.698,107.498,1,"Dawson Knox","17","2020","4750","Knox, Dawson","TE","buf","h","mia","4.9","3000"
"14146","Drew","Sample","CIN","TE",25,1,"TE","average",52.1233333333333,36,3.53695833333333,45.1875495389309,10.343,91.505,2,"Drew Sample","17","2020","4756","Sample, Drew","TE","cin","h","bal","3.5","3100"
"14195","Kahale","Warring","HOU","TE",24,1,"TE","average",24.0733333333333,65,0.403166666666667,20.6452972853384,3.9,39.513,2,"Kahale Warring","17","2020","4795","Warring, Kahale","TE","hou","h","ten","0","2500"
"14208","Diontae","Johnson","PIT","WR",25,1,"WR","average",123.946333333333,34,3.1665,127.653939811246,13.6147,235.7755,2,"Diontae Johnson","17","2020","5754","Johnson, Diontae","WR","pit","a","cle","12.6","6700"
"14223","Alexander","Mattison","MIN","RB",23,1,"RB","average",56.1809166666667,53,1.099,51.9190515024751,7.47845,102.427,2,"Alexander Mattison","17","2020","5720","Mattison, Alexander","RB","min","a","det","29.5","6100"
"14231","Trevon","Wesco","NYJ","TE",26,1,"TE","average",1.96,94,0.106166666666667,2.06475180106472,0.646,3.274,4,"Trevon Wesco","17","2020","4758","Wesco, Trevon","TE","nyj","a","nwe","0","2500"
"14239","Foster","Moreau","LVR","TE",24,1,"TE","average",31.7833333333333,51,0.280708333333333,25.4642887196953,6.7,49.27,2,"Foster Moreau","17","2020","4760","Moreau, Foster","TE","lvr","a","den","1.7","2500"
"14265","Travis","Fulgham","PHI","WR",26,1,"WR","average",33.883,95,2.71783333333334,39.2140207642624,8.97585,58.88715,3,"Travis Fulgham","17","2020","5809","Fulgham, Travis","WR","phi","h","was","2.5","0"
"14280","Scott","Miller","TBB","WR",24,1,"WR","average",28.075,98,5.54883333333333,32.2794245611659,7.5825,48.6675,3,"Scott Miller","17","2020","5772","Miller, Scott","WR","tam","h","atl","2.2","3600"
"14284","Darwin","Thompson","KCC","RB",24,1,"RB","average",2.76533333333333,125,0.22,3.47474104550732,0.4474,6.193,3,"Darwin Thompson","17","2020","5744","Thompson, Darwin","RB","kan","h","lac","30","4400"
"14305","Olabisi","Johnson","MIN","WR",24,1,"WR","average",21.02,100,0.839833333333338,25.7104025639429,4.658,37.382,3,"Olabisi Johnson","17","2020","5747","Johnson, Olabisi","WR","min","a","det","0","3000"
"14315","Ashton","Dulin","IND","WR",24,1,"WR","average",2.31,140,0.165166666666666,2.27688383542068,0.861,3.759,3,"Ashton Dulin","17","2020","5798","Dulin, Ashton","WR","ind","h","jac","0","3000"
"14316","Penny","Hart","SEA","WR",25,1,"WR","average",0.33,167,0.025,NA,0.33,0.33,4,"Penny Hart","17","2020","5894","Hart, Penny","WR","sea","a","sfo","0","3000"
"14319","Andrew","Beck","DEN","TE",25,1,"RB","average",3.32,121,0.261,NA,3.32,3.32,3,"Andrew Beck","17","2020","4761","Beck, Andrew","TE","den","h","lvr","0","2500"
"14331","D'Ernest","Johnson","CLE","RB",25,1,"RB","average",0.8,140,0.32025,NA,0.8,0.8,3,"D'Ernest Johnson","17","2020","5746","Johnson, D'Ernest","RB","cle","h","pit","0","4000"
"14337","Jalen","Guyton","LAC","WR",24,1,"WR","average",8.9,115,0.353999999999999,NA,8.9,8.9,3,"Jalen Guyton","17","2020","5801","Guyton, Jalen","WR","lac","a","kan","0","3400"
"14341","Donald","Parham","LAC","TE",24,1,"TE","average",2,93,0.0531666666666666,NA,2,2,4,"Donald Parham","17","2020","4787","Parham, Donald","TE","lac","a","kan","12.7","2900"
"14420","Alec","Ingold","LVR","RB",25,1,"RB","average",2.8,124,0.127,NA,2.8,2.8,3,"Alec Ingold","17","2020","5764","Ingold, Alec","RB","lvr","a","den","0","4000"
"14549","Nsimba","Webster","LAR","WR",25,1,"WR","average",1,155,0.005,NA,1,1,4,"Nsimba Webster","17","2020","5802","Webster, Nsimba","WR","lar","h","ari","0","3000"
"14555","Gunner","Olszewski","NEP","WR",25,1,"WR","average",0.32,168,0.16,NA,0.32,0.32,4,"Gunner Olszewski","17","2020","5752","Olszewski, Gunner","WR","nwe","h","nyj","3.4","3000"
"14565","Diontae","Spencer","DEN","WR",29,6,"WR","average",3.88,133,0.223333333333333,NA,3.88,3.88,3,"Diontae Spencer","17","2020","5765","Spencer, Diontae","WR","den","h","lvr","2","3000"
"14654","Hale","Hentges","MIN","TE",25,1,"TE","average",19.15,74,2.69,26.2336615820209,2.455,35.845,2,"Hale Hentges","17","2020","4767","Hentges, Hale","TE","min","a","det","0","2500"
"14778","Tua","Tagovailoa","MIA","QB",23,0,"QB","average",154.22235,21,1.55946666666665,160.236922766124,15.18861,299.4893,1,"Tua Tagovailoa","17","2020","1551","Tagovailoa, Tua","QB","mia","a","buf","21.24","5100"
"14779","Justin","Herbert","LAC","QB",23,0,"QB","average",195.5473,8,5.57438333333332,203.72533114914,19.49432,386.7945,1,"Justin Herbert","17","2020","1552","Herbert, Justin","QB","lac","a","kan","35.98","7100"
"14783","Jalen","Hurts","PHI","QB",23,0,"QB","average",225.874,3,6.589,179.962075749309,49.0882,331.0582,1,"Jalen Hurts","17","2020","1554","Hurts, Jalen","QB","phi","h","was","17.28","0"
"14789","Tyler","Huntley","BAL","QB",NA,0,"QB","average",6.61666666666667,61,0.170666666666667,5.85629006567582,1.478,12.008,4,"Tyler Huntley","17","2020","1562","Huntley, Tyler","QB","bal","a","cin","0.82","4900"
"14797","D'Andre","Swift","DET","RB",22,0,"RB","average",143.067916666667,15,8.44494999999998,148.662522141875,14.17175,281.286,1,"D'Andre Swift","17","2020","5822","Swift, D'Andre","RB","det","h","min","16","6300"
"14798","Zack","Moss","BUF","RB",24,0,"RB","average",67.86675,41,0.450916666666672,69.5337640209177,8.67145,137.298,2,"Zack Moss","17","2020","5824","Moss, Zack","RB","buf","h","mia","3.1","4600"
"14799","Cam","Akers","LAR","RB",22,0,"RB","average",129.914166666667,19,6.16991666666669,133.688547845356,12.945,251.9795,2,"Cam Akers","17","2020","5819","Akers, Cam","RB","lar","h","ari","11.6","6100"
"14800","J.K.","Dobbins","BAL","RB",23,0,"RB","average",120.120333333333,22,2.98771666666666,122.846039154708,13.3377,229.7295,2,"J.K. Dobbins","17","2020","5821","Dobbins, J.K.","RB","bal","a","cin","31","6700"
"14802","Jonathan","Taylor","IND","RB",22,0,"RB","average",145.904416666667,14,5.35454166666671,148.27217657712,17.84715,274.9525,1,"Jonathan Taylor","17","2020","5820","Taylor, Jonathan","RB","ind","h","jac","41.4","7400"
"14804","Anthony","McFarland","PIT","RB",22,0,"RB","average",14.027,87,0.473749999999999,16.3348885109959,0.3993,31.6075,3,"Anthony McFarland","17","2020","5864","McFarland, Anthony","RB","pit","a","cle","1.7","4000"
"14805","AJ","Dillon","GBP","RB",23,0,"RB","average",54.8715,55,0.926333333333339,58.4377490639969,4.5979,110.315,2,"AJ Dillon","17","2020","5825","Dillon, AJ","RB","gnb","a","chi","0.3","4900"
"14807","Joshua","Kelley","LAC","RB",24,0,"RB","average",38.2619166666667,66,0.138374999999996,40.9108145879546,3.00735,78.5715,2,"Joshua Kelley","17","2020","5829","Kelley, Joshua","RB","lac","a","kan","0","4000"
"14808","Darrynton","Evans","TEN","RB",23,0,"RB","average",39.70875,65,1.46925,40.4485630925253,4.73275,77.5225,2,"Darrynton Evans","17","2020","5826","Evans, Darrynton","RB","ten","a","hou","0","4000"
"14809","Rodney","Smith","CAR","RB",25,0,"RB","average",3.28,122,0.461,NA,3.28,3.28,3,"Rodney Smith","17","2020","5890","Smith, Rodney","RB","car","h","nor","11.4","4000"
"14810","Ke'Shawn","Vaughn","TBB","RB",24,0,"RB","average",4.5025,116,0.276916666666668,5.29976532499317,1.12975,7.87525,3,"Ke'Shawn Vaughn","17","2020","5823","Vaughn, Ke'Shawn","RB","tam","h","atl","0","4400"
"14811","Salvon","Ahmed","MIA","RB",23,0,"RB","average",44.4366666666667,62,3.02170833333334,33.5915202593353,11.378,68.141,2,"Salvon Ahmed","17","2020","5886","Ahmed, Salvon","RB","mia","a","buf","13.8","4400"
"14818","Xavier","Jones","LAR","RB",24,0,"RB","average",7.885,105,1.065,9.02975359575221,2.1385,13.6315,3,"Xavier Jones","17","2020","5885","Jones, Xavier","RB","lar","h","ari","0","4000"
"14823","Rico","Dowdle","DAL","RB",23,0,"RB","average",14.4033333333333,85,0.231833333333332,13.571515513506,1.691,25.991,2,"Rico Dowdle","17","2020","5881","Dowdle, Rico","RB","dal","a","nyg","0","4000"
"14824","Scottie","Phillips","HOU","RB",24,0,"RB","average",1,135,0.0547500000000001,1.20208152801713,0.235,1.765,3,"Scottie Phillips","17","2020","5896","Phillips, Scottie","RB","hou","h","ten","0","4000"
"14826","Artavis","Pierce","CHI","RB",25,0,"RB","average",1.65,131,0.24175,0.494974746830583,1.335,1.965,3,"Artavis Pierce","17","2020","5892","Pierce, Artavis","RB","chi","h","gnb","-0.1","4000"
"14827","J.J.","Taylor","NEP","RB",23,0,"RB","average",4.755,113,0.242333333333333,2.45366053071732,3.1935,6.3165,3,"J.J. Taylor","17","2020","5850","Taylor, J.J.","RB","nwe","h","nyj","0","4000"
"14828","Tony","Jones","NOS","RB",NA,0,"RB","average",0.07,150,NA,NA,0.07,0.07,3,"Tony Jones","17","2020","5901","Jones, Tony","RB","nor","a","car","1.3",NA
"14830","LeVante","Bellamy","DEN","RB",25,0,"RB","average",0.44,142,0.035,NA,0.44,0.44,3,"LeVante Bellamy","17","2020","5898","Bellamy, LeVante","RB","den","h","lvr","0","4000"
"14832","CeeDee","Lamb","DAL","WR",22,0,"WR","average",130.2515,30,2.54049999999999,132.733036413949,12.0944,245.2895,1,"CeeDee Lamb","17","2020","5831","Lamb, CeeDee","WR","dal","a","nyg","9.6","5200"
"14833","Jerry","Jeudy","DEN","WR",22,0,"WR","average",100.90625,46,0.383124999999993,105.102284258003,9.68125,192.4975,2,"Jerry Jeudy","17","2020","5832","Jeudy, Jerry","WR","den","h","lvr","30","4200"
"14835","Tee","Higgins","CIN","WR",22,0,"WR","average",120.522833333333,36,6.30645833333334,124.037241273203,12.2117,230.3995,2,"Tee Higgins","17","2020","5839","Higgins, Tee","WR","cin","h","bal","0","5000"
"14836","Justin","Jefferson","MIN","WR",22,0,"WR","average",151.330666666667,19,2.01159999999999,155.463707862425,16.9089,291.323,1,"Justin Jefferson","17","2020","5835","Jefferson, Justin","WR","min","a","det","25.3","7600"
"14839","Jalen","Reagor","PHI","WR",22,0,"WR","average",80.46825,64,1.86562500000001,83.4471041373915,7.16195,154.1505,2,"Jalen Reagor","17","2020","5834","Reagor, Jalen","WR","phi","h","was","2.5","0"
"14841","Chase","Claypool","PIT","WR",23,0,"WR","average",114.901416666667,37,1.82254166666667,118.906237123696,11.84835,223.838,2,"Chase Claypool","17","2020","5861","Claypool, Chase","WR","pit","a","cle","24.1","5700"
"14843","Lynn","Bowden","MIA","RB",24,0,"WR","average",15.755,104,1.4675,20.2303250097471,2.9305,28.6795,3,"Lynn Bowden","17","2020","5848","Bowden, Lynn","WR","mia","a","buf","12.98","3500"
"14844","Bryan","Edwards","LVR","WR",23,0,"WR","average",20.5333333333333,101,1.50483333333333,31.2756875916955,1.6304,51.3923,3,"Bryan Edwards","17","2020","5854","Edwards, Bryan","WR","lvr","a","den","13.1","3000"
"14845","Gabriel","Davis","BUF","WR",22,0,"WR","average",80.9,63,1.34558333333334,101.540533778388,16.28,145.52,2,"Gabriel Davis","17","2020","5858","Davis, Gabriel","WR","buf","h","mia","21.7","3600"
"14846","Denzel","Mims","NYJ","WR",24,0,"WR","average",68.7544166666667,74,2.90295833333332,72.7770363186997,5.6845,136.902,2,"Denzel Mims","17","2020","5838","Mims, Denzel","WR","nyj","a","nwe","2.5","3000"
"14847","Devin","Duvernay","BAL","WR",24,0,"WR","average",1.07,153,0.0516666666666665,NA,1.07,1.07,4,"Devin Duvernay","17","2020","5841","Duvernay, Devin","WR","bal","a","cin","2.2","3000"
"14850","Quintez","Cephus","DET","WR",23,0,"WR","average",4.94,128,0.709916666666667,NA,4.94,4.94,3,"Quintez Cephus","17","2020","5852","Cephus, Quintez","WR","det","h","min","13.1","3000"
"14851","K.J.","Hill","LAC","WR",24,0,"WR","average",3.5,135,0.405833333333333,NA,3.5,3.5,3,"K.J. Hill","17","2020","5868","Hill, K.J.","WR","lac","a","kan","0","3000"
"14852","Antonio","Gibson","WAS","RB",23,0,"RB","average",126.637166666667,20,6.15133333333334,128.84636003525,15.0608,247.2345,2,"Antonio Gibson","17","2020","5827","Gibson, Antonio","RB","was","a","phi","9.1","0"
"14855","Austin","Mack","NYG","WR",NA,0,"WR","average",1.1,152,0.0466666666666669,NA,1.1,1.1,4,"Austin Mack","17","2020","5880","Mack, Austin","WR","nyg","h","dal","1.9","3000"
"14857","Donovan","Peoples-Jones","CLE","WR",22,0,"WR","average",50.3015,90,5.83325000000001,64.4860171238696,9.76285,91.84015,2,"Donovan Peoples-Jones","17","2020","5874","Peoples-Jones, Donovan","WR","cle","h","pit","2.1","3500"
"14858","Van","Jefferson","LAR","WR",25,0,"WR","average",60.8173333333333,79,0.604208333333332,64.1732804002829,5.3819,125.2985,2,"Van Jefferson","17","2020","5844","Jefferson, Van","WR","lar","h","ari","9","3000"
"14861","Juwan","Johnson","NOS","WR",25,0,"WR","average",1,155,0.0243333333333333,NA,1,1,4,"Juwan Johnson","17","2020","5883","Johnson, Juwan","WR","nor","a","car","1.4","3400"
"14862","Joe","Reed","LAC","WR",23,0,"WR","average",0.99,156,0.109333333333333,1.09302333003463,0.179,2.06,4,"Joe Reed","17","2020","5843","Reed, Joe","WR","lac","a","kan","0","3000"
"14864","Tyler","Johnson","TBB","WR",23,0,"WR","average",8.15833333333333,118,0.0669999999999984,11.2330809813396,1.3395,19.218,3,"Tyler Johnson","17","2020","5846","Johnson, Tyler","WR","tam","h","atl","2.6","3200"
"14865","Freddie","Swain","SEA","WR",23,0,"WR","average",2.4,139,0.0951666666666666,NA,2.4,2.4,3,"Freddie Swain","17","2020","5853","Swain, Freddie","WR","sea","a","sfo","0","3000"
"14867","Cole","Kmet","CHI","TE",22,0,"TE","average",60.7329166666667,27,0.947749999999999,65.9333028010125,3.57775,124.423,2,"Cole Kmet","17","2020","4778","Kmet, Cole","TE","chi","h","gnb","10.1","3000"
"14870","Adam","Trautman","NOS","TE",24,0,"TE","average",19.577,72,0.297000000000001,25.6469859242758,3.2031,44.8731,2,"Adam Trautman","17","2020","4784","Trautman, Adam","TE","nor","a","car","1.5","2500"
"14871","Colby","Parkinson","SEA","TE",22,0,"TE","average",0.9,100,0.159,NA,0.9,0.9,4,"Colby Parkinson","17","2020","4798","Parkinson, Colby","TE","sea","a","sfo","0","2500"
"14874","Hunter","Bryant","DET","TE",23,0,"TE","average",17.15,75,1.407,23.8294985259867,1.985,32.315,2,"Hunter Bryant","17","2020","4799","Bryant, Hunter","TE","det","h","min","0","2500"
"14936","Devin","Asiasi","NEP","TE",24,0,"TE","average",25.78275,60,0.593499999999999,34.6962088262776,0.34785,67.5535,2,"Devin Asiasi","17","2020","4779","Asiasi, Devin","TE","nwe","h","nyj","11.9","2500"
"14939","Dalton","Keene","NEP","TE",22,0,"TE","average",14.1933333333333,80,3.37816666666667,24.1684118910063,0.112,37.93,3,"Dalton Keene","17","2020","4791","Keene, Dalton","TE","nwe","h","nyj","1.6","2500"
"14969","John","Hightower","PHI","WR",25,0,"WR","average",3.4,136,0.615833333333334,NA,3.4,3.4,3,"John Hightower","17","2020","5856","Hightower, John","WR","phi","h","was","0.1","0"
"14973","Jason","Huntley","PHI","RB",23,0,"RB","average",0.8895,138,0.0764999999999999,1.27349931291697,0.0790500000000001,1.69995,3,"Jason Huntley","17","2020","5851","Huntley, Jason","RB","phi","h","was","1.5","0"
"14974","Darnell","Mooney","CHI","WR",24,0,"WR","average",90.75,54,1.69116666666667,114.622009230339,18.305,164.195,2,"Darnell Mooney","17","2020","5857","Mooney, Darnell","WR","chi","h","gnb","20.3","4100"
"14984","Charlie","Woerner","SFO","TE",24,0,"TE","average",24.18,64,0.226666666666667,13.4633131137919,15.612,32.748,2,"Charlie Woerner","17","2020","4797","Woerner, Charlie","TE","sfo","h","sea","1.3","2500"
"14996","Tyler","Davis","JAC","TE",24,0,"TE","average",0.09,106,0.12,NA,0.09,0.09,4,"Tyler Davis","17","2020","4790","Davis, Tyler","TE","jac","a","ind","0","2500"
"15021","Raymond","Calais","LAR","RB",23,0,"RB","average",9.54,100,0.375499999999999,NA,9.54,9.54,3,"Raymond Calais","17","2020","5866","Calais, Raymond","RB","lar","h","ari","0","4000"
"15022","Malcolm","Perry","MIA","RB",24,0,"WR","average",1.54,147,0.1395,NA,1.54,1.54,3,"Malcolm Perry","17","2020","5884","Perry, Malcolm","WR","mia","a","buf","9.5","3000"
"15027","Tyrie","Cleveland","DEN","WR",24,0,"WR","average",0.019,171,0.119,NA,0.019,0.019,6,"Tyrie Cleveland","17","2020","5862","Cleveland, Tyrie","WR","den","h","lvr","8.5","3000"
"15034","Marquez","Callaway","NOS","WR",23,0,"WR","average",1.7,145,0.12,NA,1.7,1.7,3,"Marquez Callaway","17","2020","5877","Callaway, Marquez","WR","nor","a","car","8.1","3200"
"15042","Jonathan","Ward","ARI","RB",24,0,"RB","average",19.648,82,3.28029166666667,19.3068435535175,1.3612,25.9348,2,"Jonathan Ward","17","2020","5903","Ward, Jonathan","RB","ari","a","lar","8.1","4000"
"0501","Buffalo","Bills","BUF","DST",NA,50,"DST","average",58.0875,17,0.259166666666665,57.8392989238286,1.19,113.08,3,"Buffalo Bills","17","2020","7004","Buffalo","Def","buf","h","mia","21","3200"
"0502","Indianapolis","Colts","IND","DST",NA,50,"DST","average",63.4775,6,1.40708333333333,62.7439512622532,1.182,123.22,1,"Indianapolis Colts","17","2020","7013","Indianapolis","Def","ind","h","jac","9","3900"
"0503","Miami","Dolphins","MIA","DST",NA,50,"DST","average",61.0658333333333,8,0.188749999999999,62.1739292629958,1.04,123.04,1,"Miami Dolphins","17","2020","7016","Miami","Def","mia","a","buf","1","2900"
"0504","New England","Patriots","NEP","DST",NA,50,"DST","average",57.6383333333333,19,0.814166666666665,59.5222319810002,6.047,112.22,4,"New England Patriots","17","2020","7018","New England","Def","nwe","h","nyj","8","3500"
"0506","Cincinnati","Bengals","CIN","DST",NA,50,"DST","average",45.1108333333333,31,NA,47.1818661316683,3.4455,87.425,7,"Cincinnati Bengals","17","2020","7007","Cincinnati","Def","cin","h","bal","-2","2100"
"0507","Cleveland","Browns","CLE","DST",NA,50,"DST","average",58.5075,16,0.454583333333325,59.7322934433293,0.906,116.3,3,"Cleveland Browns","17","2020","7008","Cleveland","Def","cle","h","pit","3","2500"
"0508","Tennessee","Titans","TEN","DST",NA,50,"DST","average",49.7175,28,2.00833333333333,51.5458102888424,5.0045,95.155,6,"Tennessee Titans","17","2020","7030","Tennessee","Def","ten","a","hou","2","2200"
"0509","Jacksonville","Jaguars","JAC","DST",NA,50,"DST","average",48.1158333333333,29,1.90916666666667,49.4031668181977,4.5895,91.78,7,"Jacksonville Jaguars","17","2020","7014","Jacksonville","Def","jac","a","ind","1","2300"
"0510","Pittsburgh","Steelers","PIT","DST",NA,50,"DST","average",66.49,2,1.07083333333334,66.9074524997029,1.224,132,1,"Pittsburgh Steelers","17","2020","7024","Pittsburgh","Def","pit","a","cle","4","3800"
"0511","Denver","Broncos","DEN","DST",NA,50,"DST","average",58.8025,15,0.504999999999995,59.2449434129192,0.98,117.32,3,"Denver Broncos","17","2020","7010","Denver","Def","den","h","lvr","10","2400"
"0512","Kansas City","Chiefs","KCC","DST",NA,50,"DST","average",59.41,14,0.755000000000003,59.8035828358134,1.048,117.46,3,"Kansas City Chiefs","17","2020","7015","Kansas City","Def","kan","h","lac","-1","3100"
"0513","Las Vegas","Raiders","LVR","DST",NA,50,"DST","average",50.25,27,1.33333333333333,64.7002704785691,9.075,91.425,6,"Las Vegas Raiders","17","2020","7022","Las Vegas","Def","lvr","a","den","5","2500"
"0515","Seattle","Seahawks","SEA","DST",NA,50,"DST","average",57.43,20,2.16833333333333,56.3012813353302,1.404,108.76,5,"Seattle Seahawks","17","2020","7028","Seattle","Def","sea","a","sfo","5","3000"
"0516","Dallas","Cowboys","DAL","DST",NA,50,"DST","average",63.075,7,2.02208333333334,64.128878050376,0.9,128.36,1,"Dallas Cowboys","17","2020","7009","Dallas","Def","dal","a","nyg","6","2900"
"0518","Philadelphia","Eagles","PHI","DST",NA,50,"DST","average",65.5991666666667,3,0.538333333333327,66.6544861205906,1.15,133.7,1,"Philadelphia Eagles","17","2020","7023","Philadelphia","Def","phi","h","was","8","0"
"0519","Arizona","Cardinals","ARI","DST",NA,50,"DST","average",61.04,9,0.465833333333336,61.9102456787243,1.052,122.06,1,"Arizona Cardinals","17","2020","7001","Arizona","Def","ari","a","lar","10","2800"
"0520","Washington","FootballTeam","WAS","DST",NA,50,"DST","average",64.8825,5,1.60624999999999,65.2516766068122,1.102,129.2,1,"Washington FootballTeam","17","2020","7031","Washington","Def","was","a","phi","10","0"
"0521","Chicago","Bears","CHI","DST",NA,50,"DST","average",54.305,22,0.642083333333332,54.9033102827143,0.94,107.72,5,"Chicago Bears","17","2020","7006","Chicago","Def","chi","h","gnb","-1","2700"
"0522","Detroit","Lions","DET","DST",NA,50,"DST","average",47.3025,30,3.06208333333333,49.1075916568236,4.1635,92.96,7,"Detroit Lions","17","2020","7011","Detroit","Def","det","h","min","-1","2200"
"0523","Green Bay","Packers","GBP","DST",NA,50,"DST","average",60.7141666666667,10,0.313333333333333,61.0857043832679,1.096,120.9,1,"Green Bay Packers","17","2020","7012","Green Bay","Def","gnb","a","chi","6","3700"
"0524","Minnesota","Vikings","MIN","DST",NA,50,"DST","average",52.4908333333333,25,1.79,54.8755564132763,4.9335,103.595,6,"Minnesota Vikings","17","2020","7017","Minnesota","Def","min","a","det","1","2600"
"0525","Tampa Bay","Buccaneers","TBB","DST",NA,50,"DST","average",65.2391666666667,4,1.05916666666667,65.9096291902784,1.026,128.34,1,"Tampa Bay Buccaneers","17","2020","7029","Tampa Bay","Def","tam","h","atl","5","3600"
"0526","Atlanta","Falcons","ATL","DST",NA,50,"DST","average",53.795,23,0.784166666666664,55.9852489500583,4.558,105.545,6,"Atlanta Falcons","17","2020","7002","Atlanta","Def","atl","a","tam","-1","2400"
"0527","Carolina","Panthers","CAR","DST",NA,50,"DST","average",60.1883333333333,13,1.08208333333334,61.1755202675057,1.1,120.88,3,"Carolina Panthers","17","2020","7005","Carolina","Def","car","h","nor","1","2600"
"0529","New Orleans","Saints","NOS","DST",NA,50,"DST","average",60.4341666666667,11,0.156249999999993,62.0921357339237,0.862,122.28,1,"New Orleans Saints","17","2020","7019","New Orleans","Def","nor","a","car","17","3400"
"0530","San Francisco","49ers","SFO","DST",NA,50,"DST","average",60.3675,12,0.568333333333335,63.3346805339171,5.7315,121.57,2,"San Francisco 49ers","17","2020","7027","San Francisco","Def","sfo","h","sea","2","3000"
"0531","Baltimore","Ravens","BAL","DST",NA,50,"DST","average",56.2183333333333,21,2.16833333333334,55.0610581082492,1.108,105.14,5,"Baltimore Ravens","17","2020","7003","Baltimore","Def","bal","a","cin","11","4200"
"0532","Houston","Texans","HOU","DST",NA,50,"DST","average",43.37,32,NA,45.2006445381774,3.498,83.27,7,"Houston Texans","17","2020","7032","Houston","Def","hou","h","ten","0","2000"
